,CustomerID,NumOrders,AvgOrderValues,TotalSpent
0,12346.0,1,77183.6,77183.6
1,12347.0,7,23.681318681318682,4310.0
2,12348.0,4,57.97548387096774,1797.24
3,12349.0,1,24.076027397260273,1757.55
4,12350.0,1,19.670588235294115,334.4
5,12352.0,8,29.482823529411764,2506.04
6,12353.0,1,22.25,89.0
7,12354.0,1,18.610344827586207,1079.4
8,12355.0,1,35.33846153846154,459.4
9,12356.0,3,47.65135593220339,2811.43
10,12357.0,1,47.38679389312977,6207.67
11,12358.0,2,61.47684210526315,1168.06
12,12359.0,4,25.695887096774193,6372.58
13,12360.0,3,20.63612403100775,2662.06
14,12361.0,1,18.990000000000002,189.9
15,12362.0,10,19.647481203007516,5226.23
16,12363.0,2,24.0,552.0
17,12364.0,4,15.448235294117646,1313.1
18,12365.0,2,29.153636363636362,641.38
19,12367.0,1,15.354545454545455,168.9
20,12370.0,4,21.231676646706585,3545.69
21,12371.0,2,29.96761904761905,1887.96
22,12372.0,3,24.962307692307693,1298.04
23,12373.0,1,26.042857142857144,364.6
24,12374.0,1,22.513030303030305,742.9300000000001
25,12375.0,2,26.91176470588235,457.5
26,12377.0,2,21.144415584415583,1628.12
27,12378.0,1,18.30420091324201,4008.62
28,12379.0,2,21.306,852.24
29,12380.0,4,26.200096153846154,2724.81
30,12381.0,5,21.21045977011494,1845.31
31,12383.0,5,18.69252525252525,1850.56
32,12384.0,2,21.676666666666666,585.27
33,12386.0,2,40.19,401.9
34,12388.0,6,27.8066,2780.66
35,12390.0,1,17.1825,549.84
36,12391.0,1,4.6089,460.89
37,12393.0,4,24.728125000000002,1582.6000000000001
38,12394.0,2,47.12888888888889,1272.48
39,12395.0,12,19.350192307692307,3018.63
40,12397.0,2,19.126190476190477,2409.9
41,12398.0,1,19.24305882352941,1635.6599999999999
42,12399.0,4,18.790677966101697,1108.65
43,12401.0,1,16.86,84.3
44,12402.0,1,20.509090909090908,225.6
45,12403.0,1,85.53999999999999,427.7
46,12405.0,1,31.67388888888889,1710.39
47,12406.0,2,32.52666666666667,3415.3
48,12407.0,5,22.183376623376624,1708.1200000000001
49,12408.0,5,27.51,2888.55
50,12409.0,3,101.58412844036697,11072.67
51,12410.0,2,26.666538461538458,693.3299999999999
52,12412.0,3,20.112786885245903,1226.88
53,12413.0,3,19.95,758.1
54,12414.0,3,31.244999999999997,562.41
55,12415.0,21,174.95032212885152,124914.53
56,12417.0,9,19.005729166666665,3649.1
57,12418.0,1,19.664117647058823,668.58
58,12420.0,1,20.70310344827586,600.39
59,12421.0,4,17.93422222222222,807.04
60,12422.0,3,20.604102564102565,803.5600000000001
61,12423.0,8,14.87448,1859.31
62,12424.0,2,58.69866666666667,1760.96
63,12425.0,1,21.58888888888889,777.2
64,12426.0,1,19.424333333333333,582.73
65,12427.0,3,26.638709677419353,825.8
66,12428.0,9,27.062789115646257,7956.46
67,12429.0,4,38.66391752577319,3750.4
68,12430.0,1,23.30909090909091,256.4
69,12431.0,15,27.606170212765957,6487.45
70,12432.0,5,46.845555555555556,5059.32
71,12433.0,7,31.847309523809525,13375.87
72,12434.0,2,16.122799999999998,806.14
73,12435.0,2,217.49694444444447,7829.89
74,12436.0,1,31.813125,509.01
75,12437.0,18,24.88145728643216,4951.41
76,12438.0,2,29.66173469387755,2906.85
77,12441.0,1,15.77727272727273,173.55
78,12442.0,1,14.338333333333333,172.06
79,12444.0,5,28.440113636363638,5005.46
80,12445.0,1,33.35,133.4
81,12446.0,1,17.584385964912283,1002.3100000000001
82,12447.0,1,18.326538461538462,476.49
83,12448.0,1,20.429545454545455,449.45
84,12449.0,4,21.294712041884818,4067.29
85,12450.0,2,24.735,197.88
86,12451.0,5,25.524067796610172,9035.52
87,12452.0,2,19.571363636363635,430.57
88,12453.0,1,16.443953488372095,707.09
89,12454.0,1,235.22266666666667,3528.34
90,12455.0,6,27.409555555555556,2466.86
91,12456.0,3,25.44832,3181.04
92,12457.0,7,38.11661290322581,2363.23
93,12458.0,2,24.931578947368422,947.4
94,12461.0,2,23.62514285714286,826.88
95,12462.0,2,19.186935483870965,1189.59
96,12463.0,4,16.202168674698793,1344.78
97,12464.0,8,41.79482758620689,1212.05
98,12465.0,2,15.79127659574468,742.1899999999999
99,12468.0,2,19.19842105263158,729.5400000000001
100,12471.0,30,43.09576086956522,19824.05
101,12472.0,7,19.386755162241887,6572.11
102,12473.0,5,23.443749999999998,3938.5499999999997
103,12474.0,18,17.395731132075472,7375.79
104,12475.0,1,20.093888888888888,723.38
105,12476.0,11,29.255021459227468,6816.42
106,12477.0,6,44.065799999999996,13219.74
107,12478.0,1,18.91638888888889,680.99
108,12479.0,1,17.006451612903227,527.2
109,12480.0,4,21.309285714285714,3281.63
110,12481.0,10,25.789493087557602,5596.32
111,12483.0,8,33.133066666666664,2484.98
112,12484.0,6,13.126358381502891,4541.72
113,12488.0,3,23.612000000000002,1298.66
114,12489.0,1,22.328666666666667,334.93
115,12490.0,10,22.114,5417.93
116,12491.0,1,17.70769230769231,460.40000000000003
117,12492.0,2,13.160500000000003,263.21000000000004
118,12493.0,2,19.715454545454545,433.74
119,12494.0,7,16.183116883116885,1246.1000000000001
120,12497.0,1,74.50714285714285,1043.1
121,12498.0,3,17.55217391304348,403.70000000000005
122,12500.0,11,69.80032786885245,4257.82
123,12501.0,1,14.559664429530201,2169.39
124,12502.0,5,25.332448979591835,3723.87
125,12504.0,2,53.5611111111111,482.04999999999995
126,12506.0,1,3.1956521739130435,73.5
127,12507.0,3,62.13380952380952,1304.81
128,12508.0,2,5.772028985507246,398.27
129,12509.0,1,25.214285714285715,176.5
130,12510.0,2,29.774848484848484,982.5699999999999
131,12512.0,2,4.059705882352941,138.03
132,12513.0,1,17.494,612.29
133,12514.0,1,19.954509803921567,1017.68
134,12515.0,1,23.98125,383.7
135,12516.0,2,50.46384615384615,1312.06
136,12517.0,5,8.812816901408452,2502.84
137,12518.0,5,16.58782258064516,2056.89
138,12519.0,1,18.935555555555553,340.84
139,12520.0,5,17.330657894736845,2634.26
140,12521.0,1,15.781052631578946,599.68
141,12522.0,2,16.06,192.72
142,12523.0,11,16.884622641509434,1789.77
143,12524.0,8,31.150833333333335,4485.72
144,12526.0,3,18.54450704225352,1316.66
145,12527.0,3,19.37277777777778,348.71000000000004
146,12528.0,6,21.01608695652174,1933.48
147,12530.0,4,25.186060606060607,1662.28
148,12531.0,1,7.365882352941177,125.22
149,12532.0,1,21.864375000000003,349.83000000000004
150,12534.0,1,17.28857142857143,1089.18
151,12535.0,2,21.069117647058825,716.35
152,12536.0,3,48.282873563218395,12601.830000000002
153,12538.0,1,17.33095238095238,363.95
154,12539.0,4,20.396886446886448,5568.35
155,12540.0,17,28.03397489539749,13400.24
156,12541.0,3,18.868846153846153,981.18
157,12544.0,1,19.61578947368421,372.7
158,12545.0,2,20.0078,1000.39
159,12546.0,2,16.833333333333332,1161.5
160,12547.0,2,25.974999999999998,207.79999999999998
161,12548.0,1,19.04,95.19999999999999
162,12550.0,1,16.92684210526316,964.83
163,12551.0,1,16.8,168.0
164,12552.0,2,21.891,437.82
165,12553.0,10,19.33130890052356,3692.28
166,12556.0,2,4.989338842975207,603.71
167,12557.0,5,363.36242424242425,11990.960000000001
168,12558.0,1,24.54181818181818,269.96
169,12559.0,2,26.74809523809524,561.71
170,12560.0,3,20.323904761904764,2134.01
171,12561.0,1,14.928125,238.85
172,12562.0,7,22.510357142857146,3781.7400000000002
173,12564.0,1,21.757142857142856,456.9
174,12565.0,1,16.21333333333333,145.92
175,12566.0,1,18.507894736842104,351.65
176,12567.0,10,21.079103139013455,9401.28
177,12569.0,32,21.939840425531912,4124.69
178,12571.0,2,15.28264705882353,519.61
179,12572.0,2,17.006999999999998,1020.42
180,12573.0,1,5.733571428571429,160.54000000000002
181,12574.0,1,19.85909090909091,218.45
182,12576.0,5,14.952613636363635,1315.83
183,12577.0,3,4.474829931972788,657.8
184,12578.0,2,24.51324561403509,2794.51
185,12579.0,1,15.18689655172414,440.42
186,12580.0,1,17.320833333333333,415.7
187,12581.0,1,13.180666666666667,197.71
188,12582.0,2,23.243636363636366,511.36
189,12583.0,15,29.47927125506073,7281.38
190,12584.0,9,24.355729166666666,2338.15
191,12585.0,2,23.44942528735632,2040.1
192,12586.0,1,17.903636363636366,196.94000000000003
193,12587.0,1,36.0,144.0
194,12588.0,1,21.49,214.89999999999998
195,12589.0,2,18.47657142857143,646.68
196,12590.0,2,145.06264705882353,9864.26
197,12591.0,1,17.41730769230769,452.84999999999997
198,12592.0,2,24.311111111111114,437.6
199,12593.0,3,19.909523809523808,418.09999999999997
200,12594.0,10,28.290000000000003,3338.2200000000003
201,12596.0,2,22.898888888888887,618.27
202,12597.0,4,18.50106796116505,3811.22
203,12598.0,8,22.902121212121212,3023.08
204,12599.0,7,16.654516129032256,1032.58
205,12600.0,10,40.61,2599.04
206,12601.0,5,20.609285714285715,577.0600000000001
207,12602.0,1,12.76,153.12
208,12603.0,1,369.59999999999997,739.1999999999999
209,12604.0,2,15.88625,254.18
210,12607.0,1,15.63871287128713,1579.51
211,12609.0,3,18.78083333333333,1126.85
212,12610.0,5,19.80698113207547,2099.54
213,12611.0,1,18.35876923076923,1193.32
214,12612.0,1,37.054736842105264,704.0400000000001
215,12613.0,5,21.858692810457516,3344.38
216,12614.0,1,15.780000000000001,315.6
217,12615.0,4,21.820857142857143,2291.19
218,12616.0,2,22.290625,713.3
219,12617.0,1,8.465,355.53
220,12618.0,1,16.11909090909091,177.31
221,12619.0,9,40.45822222222222,3641.24
222,12620.0,3,14.558804347826088,1339.41
223,12621.0,20,29.31406852248394,13689.67
224,12622.0,1,16.37272727272727,180.1
225,12623.0,1,16.950000000000003,305.1
226,12624.0,2,16.87184210526316,641.13
227,12625.0,2,31.207209302325584,2683.82
228,12626.0,9,22.51863945578231,6620.48
229,12627.0,7,19.47186956521739,4478.53
230,12628.0,3,19.181951219512197,786.46
231,12630.0,2,19.8575,1270.88
232,12631.0,1,20.661290322580644,640.5
233,12633.0,4,21.425544554455445,2163.98
234,12635.0,2,16.724554455445546,1689.18
235,12637.0,8,15.440769230769229,6021.9
236,12638.0,1,17.222820512820515,671.69
237,12639.0,1,22.095454545454547,486.1
238,12640.0,3,22.16188679245283,1174.58
239,12641.0,1,18.59,185.9
240,12642.0,3,21.558723404255318,1013.26
241,12643.0,6,139.35999999999999,3344.64
242,12644.0,1,15.416451612903227,477.91
243,12645.0,4,24.31753424657534,1775.18
244,12646.0,2,29.932666666666666,1346.97
245,12647.0,12,30.76710743801653,3722.82
246,12648.0,1,15.145238095238096,318.05
247,12649.0,3,20.113225806451613,623.51
248,12650.0,1,15.722,314.44
249,12651.0,1,12.666666666666666,114.0
250,12652.0,1,19.16625,919.98
251,12653.0,2,51.391860465116274,2209.85
252,12654.0,5,15.841578947368422,601.98
253,12656.0,5,32.152142857142856,4051.17
254,12657.0,4,34.961276595744685,1643.18
255,12658.0,1,19.056944444444444,686.05
256,12659.0,1,18.336000000000002,91.68
257,12660.0,1,18.853846153846153,245.1
258,12662.0,11,16.73817391304348,3849.78
259,12664.0,9,131.94270270270272,4881.88
260,12665.0,1,21.0,63.0
261,12667.0,1,18.791818181818183,620.13
262,12668.0,4,23.64689440993789,3807.15
263,12669.0,3,27.168613861386135,2744.0299999999997
264,12670.0,5,32.56576086956522,2996.05
265,12672.0,1,22.589999999999996,225.89999999999998
266,12673.0,2,14.536190476190475,610.52
267,12674.0,4,23.742168674698792,1970.6
268,12676.0,6,29.586444444444446,1331.39
269,12678.0,12,106.83915151515151,17628.46
270,12679.0,4,23.187916666666666,1113.02
271,12680.0,4,16.592499999999998,862.81
272,12681.0,22,21.610564263322885,13787.54
273,12682.0,31,23.406133333333333,12288.22
274,12683.0,15,24.641191860465117,8476.57
275,12684.0,7,21.748857142857144,2283.63
276,12685.0,6,18.236178343949042,2863.08
277,12686.0,1,12.734285714285715,89.14
278,12688.0,1,28.501812865497072,4873.8099999999995
279,12689.0,2,17.327916666666667,1247.61
280,12690.0,1,24.313125,389.01
281,12691.0,6,32.36875,1035.8
282,12693.0,4,21.946410256410257,855.91
283,12694.0,2,23.504594594594593,869.67
284,12695.0,4,21.55925925925926,582.1
285,12697.0,3,23.355853658536585,957.59
286,12700.0,4,18.432798507462685,4939.99
287,12701.0,2,15.051132075471699,797.71
288,12702.0,1,18.25,219.0
289,12703.0,1,13.502380952380953,283.55
290,12704.0,8,26.600454545454546,2340.84
291,12705.0,9,20.56374251497006,6868.29
292,12707.0,1,18.285454545454545,603.42
293,12708.0,10,17.27968152866242,2712.91
294,12709.0,15,46.81019230769231,9736.52
295,12710.0,3,14.922337662337663,1149.02
296,12712.0,13,33.053609022556394,4396.13
297,12713.0,1,22.330263157894734,848.55
298,12714.0,5,18.18092664092664,4708.86
299,12715.0,1,16.85047619047619,353.86
300,12716.0,2,15.267971014492753,1053.49
301,12717.0,2,18.74509090909091,1030.98
302,12718.0,1,12.539473684210526,238.25
303,12719.0,2,16.53717948717949,644.95
304,12720.0,25,16.332570621468925,5781.73
305,12721.0,6,16.497701863354038,2656.13
306,12722.0,4,18.82320754716981,997.63
307,12723.0,5,10.508260869565218,725.07
308,12724.0,4,19.460566037735852,1031.41
309,12725.0,1,17.825,427.8
310,12726.0,7,21.041129032258063,2609.1
311,12727.0,7,28.638129496402875,3980.7
312,12728.0,4,18.18108695652174,836.33
313,12729.0,1,17.423461538461538,453.01
314,12731.0,12,68.96317518248175,18895.91
315,12732.0,1,19.688333333333336,236.26000000000002
316,12733.0,1,17.452272727272728,383.95
317,12734.0,1,27.599999999999998,110.39999999999999
318,12735.0,2,18.12953488372093,779.5699999999999
319,12736.0,1,58.5,234.0
320,12738.0,1,14.122727272727273,155.35
321,12739.0,2,26.658947368421053,1013.04
322,12740.0,1,15.837037037037037,427.6
323,12743.0,2,4.077835820895522,546.43
324,12744.0,7,95.85265765765766,21279.29
325,12747.0,11,40.737961165048546,4196.01
326,12748.0,209,7.338352557127313,33719.73
327,12749.0,5,20.55718592964824,4090.88
328,12750.0,1,18.392,275.88
329,12752.0,1,82.3920754716981,4366.78
330,12753.0,6,108.77862944162436,21429.39
331,12754.0,3,47.78952380952381,3010.74
332,12755.0,2,952.9875,3811.95
333,12756.0,1,28.019999999999996,112.07999999999998
334,12757.0,13,21.178167115902966,7857.1
335,12758.0,2,28.779278350515465,2791.59
336,12759.0,3,16.12042105263158,1531.44
337,12762.0,2,27.51478260869565,1898.52
338,12763.0,2,27.448888888888888,494.08
339,12764.0,1,37.64177777777778,1693.88
340,12766.0,7,22.547193548387096,6989.63
341,12769.0,1,35.7375,1143.6
342,12770.0,1,112.62083333333334,1351.45
343,12772.0,1,16.226727272727274,892.47
344,12775.0,5,21.00060606060606,1386.04
345,12778.0,6,16.4446,822.23
346,12779.0,8,26.72053691275168,3981.36
347,12781.0,2,33.0696,826.74
348,12782.0,5,22.630291262135923,2330.92
349,12783.0,6,26.49892857142857,2225.91
350,12784.0,2,9.73593220338983,574.42
351,12785.0,1,22.282142857142855,311.95
352,12787.0,3,23.183,463.66
353,12789.0,1,22.9625,91.85
354,12790.0,1,15.472380952380954,324.92
355,12791.0,1,96.30000000000001,192.60000000000002
356,12792.0,1,16.0216,400.53999999999996
357,12793.0,2,22.728333333333335,545.48
358,12794.0,2,19.12022222222222,860.41
359,12795.0,1,30.74857142857143,430.48
360,12797.0,1,19.540769230769232,254.03
361,12798.0,3,872.13,6977.04
362,12802.0,1,17.1032,427.58
363,12808.0,3,17.273214285714285,483.65000000000003
364,12809.0,1,19.572400000000002,489.31
365,12811.0,3,16.608064516129033,514.85
366,12812.0,1,15.309333333333335,229.64000000000001
367,12814.0,1,62.96,125.92
368,12815.0,2,22.6268085106383,1063.46
369,12816.0,2,19.731034482758623,572.2
370,12817.0,1,41.51,166.04
371,12818.0,1,110.14857142857143,1542.08
372,12820.0,4,15.97186440677966,942.34
373,12821.0,1,15.453333333333333,92.72
374,12822.0,2,20.62782608695652,948.88
375,12823.0,5,351.9,1759.5
376,12824.0,1,15.8848,397.12
377,12826.0,7,16.205714285714286,1474.72
378,12827.0,3,17.206000000000003,430.15000000000003
379,12828.0,6,18.19125,1018.71
380,12829.0,2,26.636363636363637,293.0
381,12830.0,6,179.33263157894737,6814.64
382,12831.0,1,23.894444444444446,215.05
383,12832.0,2,14.186296296296295,383.03
384,12833.0,1,17.390833333333333,417.38
385,12834.0,1,17.354444444444443,312.38
386,12836.0,4,14.930628571428572,2612.86
387,12837.0,1,11.174999999999999,134.1
388,12838.0,2,5.55390243902439,683.13
389,12839.0,14,17.80707006369427,5591.42
390,12840.0,4,24.13070796460177,2726.77
391,12841.0,25,9.577023809523808,4022.35
392,12842.0,2,32.9114705882353,1118.99
393,12843.0,8,16.526796116504855,1702.26
394,12844.0,2,6.268461538461539,325.96000000000004
395,12845.0,4,13.114444444444443,354.09
396,12847.0,1,9.577362637362636,871.54
397,12849.0,2,20.6056862745098,1050.8899999999999
398,12851.0,1,2.7036000000000002,135.18
399,12852.0,1,18.326470588235296,311.55
400,12853.0,6,25.09102564102564,1957.1000000000001
401,12854.0,3,12.040909090909091,1324.5
402,12855.0,1,12.700000000000001,38.1
403,12856.0,6,6.942452229299363,2179.93
404,12857.0,2,24.05217391304348,1106.4
405,12863.0,1,104.24000000000001,521.2
406,12864.0,1,49.04,147.12
407,12865.0,2,16.507684210526318,1568.23
408,12866.0,1,21.504615384615384,559.12
409,12867.0,7,7.503382899628253,4036.82
410,12868.0,6,15.0192523364486,1607.0600000000002
411,12871.0,2,34.60363636363636,380.64
412,12872.0,2,9.090454545454547,599.97
413,12873.0,1,93.5,374.0
414,12875.0,2,171.61500000000004,343.2300000000001
415,12876.0,2,26.09435294117647,2218.02
416,12877.0,12,9.972532467532467,1535.77
417,12878.0,2,18.191276595744682,854.99
418,12879.0,3,57.322,573.22
419,12881.0,1,42.57142857142857,298.0
420,12882.0,2,112.54153846153847,1463.04
421,12883.0,4,16.749285714285715,703.47
422,12884.0,1,44.15,309.05
423,12885.0,3,16.552394366197184,1175.22
424,12886.0,2,16.809756097560978,1378.4
425,12888.0,2,70.824,354.12
426,12890.0,1,4.639878048780488,380.46999999999997
427,12891.0,3,110.33333333333333,331.0
428,12893.0,1,5.533529411764706,188.14
429,12895.0,2,16.945454545454545,372.8
430,12897.0,2,54.125,216.5
431,12901.0,28,152.19431034482758,17654.54
432,12902.0,1,13.868,138.68
433,12904.0,2,7.0775,509.58
434,12906.0,5,46.34619047619047,2919.81
435,12908.0,2,375.0,750.0
436,12909.0,5,23.941428571428574,2178.67
437,12910.0,8,41.00053333333333,3075.04
438,12912.0,5,69.2625,1662.3
439,12913.0,5,49.6726,2483.63
440,12915.0,2,16.529545454545453,363.65
441,12916.0,4,28.094859813084113,3006.15
442,12917.0,1,297.0,594.0
443,12919.0,6,26.7038,1335.19
444,12920.0,1,5.8653571428571425,164.23
445,12921.0,37,23.037625,16587.09
446,12922.0,1,14.477857142857143,405.38
447,12923.0,1,6.102413793103448,176.97
448,12924.0,4,31.123333333333335,933.7
449,12925.0,2,15.423333333333332,694.05
450,12928.0,5,24.555952380952384,2062.7000000000003
451,12929.0,1,14.73125,117.85
452,12930.0,2,16.632,415.8
453,12931.0,15,512.8775609756098,42055.96
454,12933.0,3,5.7314150943396225,607.53
455,12935.0,7,16.749612403100773,2160.7
456,12936.0,4,17.15967741935484,1063.9
457,12937.0,4,12.535583333333333,1504.27
458,12938.0,1,12.682222222222222,114.14
459,12939.0,8,246.42127659574467,11581.8
460,12940.0,2,9.227676767676767,913.54
461,12942.0,3,9.118666666666666,683.9
462,12944.0,2,20.150333333333332,604.51
463,12945.0,1,20.128260869565217,462.95
464,12947.0,6,16.535979381443298,1603.99
465,12948.0,7,17.801293103448273,2064.95
466,12949.0,8,19.382418604651164,4167.22
467,12950.0,3,80.1304347826087,1843.0
468,12951.0,6,16.89,1064.07
469,12952.0,4,17.566962025316457,1387.79
470,12953.0,1,19.40294117647059,329.85
471,12955.0,11,26.428666666666665,4757.16
472,12956.0,1,5.687894736842105,108.07
473,12957.0,8,16.880420168067225,4017.54
474,12962.0,2,16.649375,266.39
475,12963.0,8,19.54347368421053,1856.63
476,12965.0,1,7.081743119266055,771.91
477,12966.0,1,16.018,160.18
478,12967.0,2,87.41578947368421,1660.9
479,12968.0,1,27.189999999999998,135.95
480,12970.0,4,2.9949668874172186,452.24
481,12971.0,86,36.68822950819672,11189.91
482,12974.0,1,18.1,144.8
483,12976.0,1,33.57272727272727,738.6
484,12977.0,1,4.359999999999999,39.239999999999995
485,12980.0,9,368.745,7374.900000000001
486,12981.0,2,18.610999999999997,372.21999999999997
487,12982.0,1,13.947857142857144,390.54
488,12984.0,1,24.375,97.5
489,12985.0,2,16.30763157894737,1239.38
490,12987.0,2,19.95357142857143,558.7
491,12988.0,1,5.818695652173914,535.32
492,12989.0,15,108.18921875000001,6924.110000000001
493,12990.0,3,31.5,409.5
494,12991.0,2,16.25032258064516,503.76
495,12993.0,4,15.361481481481482,414.76
496,12994.0,3,15.97409836065574,974.4200000000001
497,12995.0,1,70.44,211.32
498,12997.0,4,20.794745762711866,1226.89
499,12999.0,3,16.28142857142857,455.88
500,13000.0,3,17.253225806451614,534.85
501,13001.0,13,28.964070796460177,9818.82
502,13002.0,1,17.27857142857143,120.94999999999999
503,13003.0,3,24.84166666666667,149.05
504,13004.0,18,13.999777227722772,5655.91
505,13005.0,2,19.75769230769231,513.7
506,13006.0,1,20.3925,81.57
507,13008.0,1,16.390714285714285,229.46999999999997
508,13011.0,1,16.85,50.550000000000004
509,13012.0,8,18.6723595505618,1661.8400000000001
510,13013.0,13,21.967762557077627,4810.9400000000005
511,13014.0,10,31.800733944954125,3466.2799999999997
512,13015.0,5,19.012954545454548,3346.28
513,13016.0,3,16.806170212765956,789.89
514,13017.0,1,204.0,204.0
515,13018.0,28,15.890174672489083,7277.7
516,13021.0,9,19.97236641221374,2616.38
517,13023.0,2,17.2475,689.9
518,13026.0,5,24.384,975.36
519,13027.0,6,265.84615384615387,6912.0
520,13028.0,2,14.695999999999998,661.3199999999999
521,13029.0,3,124.75,1247.5
522,13030.0,2,8.075555555555555,799.48
523,13032.0,2,14.227887323943662,1010.18
524,13033.0,1,17.322727272727274,190.55
525,13034.0,2,17.372162162162162,642.77
526,13035.0,2,34.1437037037037,921.88
527,13037.0,3,18.355625,881.07
528,13038.0,3,32.445,908.46
529,13040.0,2,15.743953488372092,676.99
530,13043.0,1,39.72461538461538,516.42
531,13044.0,1,16.983939393939394,560.47
532,13045.0,1,16.96,305.28000000000003
533,13046.0,2,17.980285714285714,629.31
534,13047.0,10,18.822906976744186,3237.54
535,13048.0,4,13.499338235294118,1835.91
536,13049.0,2,46.90571428571429,656.6800000000001
537,13050.0,17,14.483523573200992,5836.86
538,13052.0,1,19.34166666666667,348.15000000000003
539,13055.0,3,15.979078947368421,1214.41
540,13058.0,3,33.925000000000004,271.40000000000003
541,13059.0,1,22.925,183.4
542,13060.0,1,20.502,307.53
543,13061.0,1,24.861,248.61
544,13062.0,1,31.543636363636367,346.98
545,13064.0,4,16.22449275362319,1119.49
546,13065.0,1,14.704285714285716,205.86
547,13066.0,2,9.808333333333334,470.8
548,13067.0,1,7.697333333333334,115.46000000000001
549,13068.0,2,172.0,344.0
550,13069.0,24,10.437929411764706,4436.12
551,13070.0,1,25.422222222222224,228.8
552,13072.0,1,25.307142857142857,177.15
553,13075.0,1,41.80045454545455,919.61
554,13077.0,4,6.5113392857142856,729.27
555,13078.0,26,35.27357541899441,12627.94
556,13079.0,5,36.68333333333334,220.10000000000002
557,13080.0,1,9.68,58.08
558,13081.0,11,27.67322265625,28337.38
559,13082.0,9,49.50178082191781,3613.63
560,13083.0,2,16.875,303.75
561,13085.0,2,18.912727272727274,416.08000000000004
562,13089.0,97,32.35744224422442,58825.83
563,13090.0,14,57.48916129032258,8910.82
564,13091.0,1,16.467619047619046,345.82
565,13092.0,5,19.1132,477.83
566,13093.0,8,49.260817610062894,7832.47
567,13094.0,12,80.305,1927.3200000000002
568,13095.0,1,12.399999999999999,74.39999999999999
569,13097.0,10,14.209030732860521,6010.42
570,13098.0,28,50.49377622377622,28882.44
571,13099.0,1,207.35999999999999,207.35999999999999
572,13101.0,1,12.64875,101.19
573,13102.0,24,21.131875,6424.09
574,13103.0,1,30.4925,243.94
575,13104.0,6,54.924,1098.48
576,13106.0,1,76.5,76.5
577,13107.0,4,26.407241379310346,1531.6200000000001
578,13108.0,1,35.006,350.06
579,13109.0,2,16.734893617021275,786.54
580,13110.0,7,10.266689655172414,1488.67
581,13113.0,24,61.229800000000004,12245.960000000001
582,13115.0,4,19.12316666666667,2294.78
583,13116.0,1,16.704666666666665,501.14
584,13117.0,8,12.959342105263158,984.91
585,13118.0,5,15.162151898734177,1197.81
586,13120.0,1,30.599999999999998,30.599999999999998
587,13121.0,1,5.674600000000001,283.73
588,13122.0,2,16.77072727272727,922.39
589,13124.0,3,16.452468085106382,3866.33
590,13126.0,8,14.997428571428571,2099.64
591,13127.0,1,17.278000000000002,259.17
592,13130.0,1,32.0,64.0
593,13131.0,3,24.393181818181816,1073.3
594,13132.0,1,25.766666666666666,77.3
595,13133.0,2,15.685714285714285,109.8
596,13134.0,4,18.301836734693875,1793.58
597,13135.0,1,3096.0,3096.0
598,13136.0,5,20.53236220472441,2607.61
599,13137.0,8,5.185241477272727,3650.41
600,13138.0,6,15.276031746031746,962.39
601,13139.0,7,29.79376470588235,5064.94
602,13140.0,3,9.211304347826088,423.72
603,13141.0,5,17.694444444444443,2388.75
604,13142.0,1,13.351739130434781,307.09
605,13144.0,1,36.983333333333334,110.95
606,13145.0,4,103.08666666666666,618.52
607,13146.0,1,13.465294117647058,228.91
608,13147.0,4,178.20000000000002,712.8000000000001
609,13148.0,12,11.621065830721003,3707.12
610,13149.0,4,19.48906976744186,1676.06
611,13151.0,1,16.998243243243245,1257.8700000000001
612,13153.0,1,32.41466666666667,486.22
613,13155.0,4,11.432470588235294,971.76
614,13157.0,4,20.014022988505747,1741.22
615,13158.0,4,15.203291139240505,1201.06
616,13159.0,4,11.883057851239668,1437.85
617,13160.0,1,22.95,91.8
618,13161.0,1,14.09375,112.75
619,13162.0,4,21.370759493670885,1688.29
620,13165.0,2,24.32095238095238,1021.48
621,13166.0,1,10.175609756097561,417.2
622,13167.0,4,12.174307692307693,791.33
623,13168.0,4,10.070152671755725,1319.19
624,13169.0,2,54.83692307692308,712.88
625,13170.0,1,3.6253124999999997,116.00999999999999
626,13171.0,3,10.182826086956522,468.41
627,13173.0,2,8.224418604651163,353.65
628,13174.0,3,8.971433121019109,2817.03
629,13176.0,1,6.845,492.84
630,13177.0,1,16.61470588235294,282.45
631,13178.0,11,21.60554716981132,5725.47
632,13182.0,1,11.016363636363637,121.18
633,13183.0,9,42.10404255319149,3957.78
634,13184.0,10,9.39939226519337,1701.29
635,13185.0,1,71.4,71.4
636,13186.0,3,19.947974683544306,1575.89
637,13187.0,1,6.378918918918919,236.02
638,13188.0,1,57.300000000000004,114.60000000000001
639,13189.0,2,8.988965517241379,260.68
640,13192.0,2,14.475238095238096,911.94
641,13193.0,1,4.0648275862068965,117.88
642,13194.0,1,20.233333333333334,60.7
643,13196.0,4,16.343454545454545,1797.78
644,13198.0,6,15.049734513274338,3401.2400000000002
645,13199.0,38,82.49680672268909,9817.12
646,13200.0,4,18.915,870.09
647,13203.0,4,15.253684210526316,869.46
648,13207.0,2,31.282500000000002,250.26000000000002
649,13208.0,6,8.214093959731544,1223.9
650,13209.0,8,18.35392523364486,5891.61
651,13210.0,1,16.067272727272726,353.48
652,13211.0,3,21.3825,1197.42
653,13212.0,3,5.549859154929578,788.08
654,13213.0,5,16.895333333333333,1520.58
655,13216.0,1,66.748,333.74
656,13217.0,3,133.495,533.98
657,13218.0,1,12.527999999999999,62.63999999999999
658,13220.0,4,39.01380952380953,819.2900000000001
659,13221.0,2,12.839545454545455,847.41
660,13223.0,2,32.64,163.20000000000002
661,13224.0,2,19.9625,2155.95
662,13225.0,7,201.995,6463.84
663,13226.0,1,6.7631250000000005,108.21000000000001
664,13227.0,1,28.633333333333333,257.7
665,13228.0,1,179.0,358.0
666,13229.0,1,16.095,160.95
667,13230.0,14,4.5940589198036,2806.97
668,13232.0,7,6.558454106280193,1357.6
669,13233.0,2,14.072558139534884,605.12
670,13235.0,1,17.77706896551724,1031.07
671,13236.0,2,20.69027777777778,744.85
672,13238.0,4,22.604193548387098,700.73
673,13239.0,1,15.693333333333333,329.56
674,13240.0,4,9.905223880597015,663.65
675,13242.0,3,20.800000000000004,270.40000000000003
676,13243.0,1,10.346034482758622,600.07
677,13244.0,1,4.508888888888889,121.74000000000001
678,13245.0,1,26.90625,430.5
679,13246.0,6,14.094326241134752,1987.3
680,13247.0,4,20.0448,501.12
681,13248.0,2,17.91076923076923,465.68
682,13249.0,3,30.93086956521739,711.41
683,13253.0,2,28.622222222222224,1030.4
684,13255.0,2,30.73153846153846,399.51
685,13258.0,3,18.383684210526315,698.58
686,13259.0,1,3.36,292.32
687,13260.0,1,69.7025,557.62
688,13261.0,2,104.9,944.1
689,13262.0,1,18.208181818181817,200.29
690,13263.0,35,4.444883720930233,7454.07
691,13265.0,5,23.1610989010989,2107.66
692,13266.0,12,20.504064171122995,3834.2599999999998
693,13267.0,19,21.428862559241704,4521.49
694,13268.0,11,7.306113636363636,3214.69
695,13269.0,15,16.91844936708861,5346.2300000000005
696,13270.0,1,590.0,590.0
697,13271.0,1,2.264375,217.38
698,13272.0,2,18.437333333333335,276.56
699,13273.0,1,8.68625,138.98
700,13276.0,2,19.69766666666667,590.9300000000001
701,13277.0,4,32.3,258.4
702,13278.0,1,11.798478260869565,542.73
703,13279.0,1,15.305555555555555,137.75
704,13280.0,3,9.586588235294117,814.86
705,13282.0,3,30.59837837837838,1132.14
706,13283.0,2,13.379999999999999,93.66
707,13284.0,1,15.476153846153846,201.19
708,13285.0,4,14.487272727272726,2709.12
709,13291.0,1,8.597857142857142,361.11
710,13292.0,2,18.67548387096774,578.9399999999999
711,13294.0,2,16.18037037037037,873.74
712,13295.0,1,20.12,201.20000000000002
713,13296.0,1,17.48,87.4
714,13297.0,4,35.421186440677964,2089.85
715,13298.0,1,180.0,360.0
716,13299.0,1,28.5,142.5
717,13300.0,1,18.5945,371.89
718,13301.0,4,7.630740740740741,618.09
719,13302.0,1,63.75,63.75
720,13304.0,1,14.305714285714286,300.42
721,13305.0,10,24.701975308641973,2000.86
722,13307.0,1,15.0,15.0
723,13308.0,3,25.657592592592593,1385.51
724,13309.0,5,13.614859813084111,1456.79
725,13310.0,3,15.722638888888888,1132.03
726,13311.0,2,23.02192307692308,598.57
727,13313.0,5,19.939999999999998,1555.32
728,13314.0,3,12.515161290322581,775.94
729,13316.0,4,68.70954022988506,5977.7300000000005
730,13317.0,6,18.336129032258064,2273.68
731,13318.0,3,32.038,640.76
732,13319.0,26,22.784768907563027,10845.550000000001
733,13320.0,4,14.610377358490567,1548.7
734,13321.0,2,51.57818181818182,567.36
735,13322.0,1,7.9792000000000005,199.48000000000002
736,13323.0,5,37.516666666666666,787.85
737,13324.0,10,94.95933333333333,7121.95
738,13325.0,1,56.275,675.3
739,13327.0,8,33.59046296296296,3627.77
740,13328.0,1,76.96941176470588,1308.48
741,13329.0,2,46.411764705882355,789.0
742,13330.0,3,21.526981132075473,1140.93
743,13332.0,1,16.70952380952381,350.9
744,13334.0,3,13.197089552238806,3536.82
745,13336.0,1,15.590588235294117,795.12
746,13338.0,1,25.632631578947368,487.02
747,13339.0,1,15.928148148148148,860.12
748,13340.0,7,80.12298507462687,10736.48
749,13341.0,1,18.472619047619048,775.85
750,13343.0,1,18.60157894736842,353.43
751,13344.0,3,21.37579831932773,2543.72
752,13345.0,1,19.475,389.5
753,13347.0,1,42.67,341.36
754,13348.0,1,16.697142857142858,233.76
755,13349.0,1,15.4575,247.32
756,13350.0,2,24.478,979.12
757,13351.0,1,23.37125,373.94
758,13352.0,1,16.5825,397.97999999999996
759,13354.0,1,14.579019607843136,743.53
760,13355.0,1,21.084375,674.7
761,13356.0,1,18.291428571428572,768.24
762,13357.0,1,6.777222222222223,609.95
763,13358.0,1,15.138965517241378,439.03
764,13359.0,1,19.11130434782609,439.56
765,13362.0,4,18.618915662650604,3090.7400000000002
766,13363.0,2,16.541666666666668,992.5
767,13364.0,1,13.495999999999999,134.95999999999998
768,13365.0,2,17.385703125,2225.37
769,13366.0,1,56.160000000000004,56.160000000000004
770,13368.0,2,21.49655172413793,623.4
771,13369.0,1,22.020000000000003,308.28000000000003
772,13370.0,1,19.355641025641027,754.87
773,13372.0,1,16.46260869565217,378.64
774,13373.0,3,20.963607594936708,3312.25
775,13375.0,1,21.044594594594592,778.65
776,13376.0,3,19.240754716981133,1019.76
777,13379.0,3,5.902680412371134,572.56
778,13381.0,6,21.15877906976744,3639.31
779,13382.0,1,14.866000000000001,222.99
780,13384.0,7,27.315328947368425,4151.93
781,13385.0,1,15.273428571428573,534.57
782,13388.0,2,19.345714285714287,677.1
783,13389.0,3,15.646274509803922,797.96
784,13390.0,1,41.8523076923077,544.08
785,13391.0,1,59.8,59.8
786,13394.0,8,16.258193548387098,2520.02
787,13395.0,1,14.653333333333334,307.72
788,13396.0,2,31.65093023255814,1360.99
789,13397.0,5,40.635000000000005,1544.13
790,13398.0,1,17.59,457.34
791,13402.0,2,15.92897435897436,621.23
792,13403.0,1,25.0,75.0
793,13404.0,2,22.953636363636363,252.49
794,13405.0,3,21.201888888888888,572.451
795,13408.0,62,58.82225941422595,28117.04
796,13410.0,5,35.82357142857143,1003.06
797,13411.0,1,11.863888888888889,213.55
798,13414.0,3,57.9375,1390.5
799,13416.0,2,37.5,712.5
800,13417.0,2,22.886785714285715,640.83
801,13418.0,18,20.156019736842108,6127.43
802,13419.0,1,13.81625,221.06
803,13420.0,2,19.98125,159.85
804,13421.0,2,17.798846153846153,1851.08
805,13422.0,1,20.67952755905512,2626.3
806,13425.0,3,20.823205128205128,1624.21
807,13426.0,10,23.193121019108283,3641.32
808,13427.0,3,20.089655172413792,582.6
809,13428.0,1,2.952297297297297,218.47
810,13429.0,4,15.02686567164179,1006.8
811,13430.0,2,13.866326530612247,679.45
812,13431.0,2,27.589130434782607,1269.1
813,13434.0,2,53.424,534.24
814,13435.0,7,37.72168316831684,3809.8900000000003
815,13436.0,1,16.4075,196.89
816,13437.0,7,20.40754491017964,3408.06
817,13439.0,1,5.253888888888889,283.71
818,13441.0,1,22.818461538461538,296.64
819,13447.0,3,19.137966101694918,1129.14
820,13448.0,6,18.150615384615385,3539.37
821,13449.0,1,15.362105263157895,291.88
822,13450.0,6,28.784788732394365,2043.7199999999998
823,13451.0,5,6.718171557562077,2976.15
824,13452.0,2,295.0,590.0
825,13453.0,2,20.998823529411762,356.97999999999996
826,13455.0,2,23.007391304347824,1058.34
827,13456.0,6,28.043174603174602,1766.72
828,13458.0,14,25.252801047120418,9646.57
829,13460.0,2,10.790588235294118,183.44
830,13461.0,3,53.51851851851852,1445.0
831,13462.0,1,16.833333333333332,151.5
832,13464.0,1,16.45560975609756,674.68
833,13466.0,1,18.11176470588235,307.9
834,13467.0,2,10.946565656565657,1083.71
835,13468.0,37,18.89062913907285,5704.97
836,13470.0,2,16.5,165.0
837,13471.0,4,9.736846153846153,2531.58
838,13473.0,2,20.125714285714285,422.64
839,13474.0,1,3.58734375,229.59
840,13475.0,4,16.648604651162792,1431.78
841,13476.0,2,21.352931034482758,1238.47
842,13477.0,6,18.41240506329114,1454.58
843,13479.0,2,20.063333333333333,300.95
844,13481.0,5,16.55559633027523,1804.56
845,13482.0,1,16.785454545454545,184.64
846,13483.0,1,14.034,140.34
847,13484.0,1,39.225,313.8
848,13485.0,1,19.749565217391304,454.24
849,13486.0,3,16.2668115942029,1122.41
850,13487.0,3,16.923529411764704,575.4
851,13488.0,13,21.25191943127962,8968.31
852,13489.0,4,32.10857142857143,449.52
853,13491.0,10,14.137441860465115,1215.82
854,13492.0,3,25.3968,1269.84
855,13493.0,2,77.32875,618.63
856,13494.0,1,17.570000000000004,316.26000000000005
857,13495.0,5,42.60145833333333,2044.8700000000001
858,13496.0,2,18.66657142857143,653.33
859,13497.0,2,18.318421052631578,348.05
860,13499.0,5,27.59785714285714,1159.11
861,13500.0,3,17.950307692307693,1166.77
862,13501.0,1,25.775384615384613,1340.32
863,13502.0,3,16.22222222222222,292.0
864,13503.0,1,12.755882352941176,216.85
865,13504.0,1,13.451363636363636,295.93
866,13505.0,4,20.435488372093022,4393.63
867,13506.0,2,17.635384615384616,458.52
868,13507.0,4,15.303456790123455,2479.16
869,13508.0,1,9.2475,110.97
870,13509.0,7,22.266363636363636,979.72
871,13510.0,4,15.578782608695652,1791.56
872,13512.0,1,16.747333333333334,251.21
873,13513.0,1,20.509999999999998,205.1
874,13514.0,1,38.050000000000004,152.20000000000002
875,13515.0,4,15.103728813559322,891.12
876,13516.0,3,31.5775,1389.41
877,13517.0,3,15.09517730496454,2128.42
878,13518.0,1,17.353684210526314,659.4399999999999
879,13519.0,1,15.34375,122.75
880,13520.0,6,38.97150537634408,3624.35
881,13521.0,3,2.508371559633028,1093.65
882,13522.0,1,25.160000000000004,125.80000000000001
883,13523.0,5,23.051627906976744,3964.88
884,13524.0,5,25.191851851851855,680.1800000000001
885,13525.0,2,104.79666666666667,628.78
886,13527.0,7,10.257892376681616,2287.51
887,13529.0,2,20.517333333333333,307.76
888,13531.0,2,21.990909090909092,483.8
889,13532.0,1,3.1865151515151515,210.31
890,13533.0,3,3.563026315789474,270.79
891,13534.0,25,19.83135135135135,5870.08
892,13536.0,7,19.264189944134078,3448.29
893,13538.0,7,51.233999999999995,1280.85
894,13539.0,3,17.063243243243242,631.34
895,13544.0,2,3.349540229885058,291.41
896,13546.0,3,6.397857142857143,626.99
897,13548.0,2,5.503306451612903,682.41
898,13549.0,7,18.00392156862745,918.2
899,13551.0,1,22.950000000000003,91.80000000000001
900,13552.0,12,34.31256880733945,3740.07
901,13555.0,4,30.50941176470588,4149.28
902,13557.0,2,17.178235294117645,584.06
903,13558.0,4,3.457485714285714,605.06
904,13560.0,1,5.283939393939394,174.37
905,13561.0,1,10.132857142857143,141.85999999999999
906,13562.0,3,21.943048780487803,1799.33
907,13563.0,2,15.867959183673468,777.53
908,13564.0,3,21.07253012048193,1749.02
909,13565.0,2,6.321578947368421,240.22
910,13566.0,2,4.969943181818182,874.71
911,13568.0,1,4.382954545454545,192.85
912,13569.0,2,4.397058823529412,373.75
913,13570.0,1,8.870000000000001,239.49
914,13571.0,12,6.1358357771261005,2092.32
915,13572.0,1,41.946969696969695,1384.25
916,13573.0,2,11.323076923076922,294.4
917,13575.0,5,15.914565217391303,732.0699999999999
918,13576.0,18,53.312222222222225,6717.34
919,13577.0,4,20.33253012048193,1687.6000000000001
920,13579.0,2,20.30608695652174,467.04
921,13581.0,1,11.8,118.0
922,13583.0,1,14.736415094339621,781.03
923,13584.0,1,5.933333333333334,142.4
924,13587.0,1,89.05,712.4
925,13588.0,9,14.246839080459768,2478.95
926,13589.0,2,18.07857142857143,379.65
927,13590.0,6,22.780689655172413,1981.92
928,13591.0,3,19.26086206896552,1117.13
929,13592.0,4,15.497499999999999,247.95999999999998
930,13593.0,5,15.914687500000001,2037.0800000000002
931,13594.0,1,15.268076923076924,396.97
932,13596.0,2,4.199036144578313,697.04
933,13598.0,1,4.504250000000001,180.17000000000002
934,13599.0,21,20.86506072874494,5153.67
935,13600.0,1,11.553684210526317,219.52
936,13601.0,2,7.003232323232324,693.32
937,13602.0,1,18.647391304347824,428.89
938,13603.0,1,6.086666666666667,164.34
939,13606.0,3,6.524186046511627,280.53999999999996
940,13607.0,1,6.918469387755102,678.01
941,13610.0,7,5.008318584070797,1131.88
942,13611.0,3,15.835135135135134,1171.8
943,13614.0,4,8.01223880597015,1610.46
944,13615.0,1,18.160434782608696,417.69
945,13617.0,3,12.367727272727272,544.18
946,13618.0,1,13.641538461538461,177.34
947,13621.0,1,11.255263157894737,213.85
948,13623.0,5,9.231851851851852,747.78
949,13626.0,1,13.53842105263158,257.23
950,13627.0,5,17.80945652173913,1638.47
951,13629.0,11,132.07389830508475,7792.36
952,13630.0,7,28.61661971830986,2031.78
953,13631.0,11,279.1290909090909,3070.42
954,13632.0,5,14.529246575342466,2121.27
955,13634.0,5,8.378510638297874,1575.16
956,13635.0,1,17.274677419354838,1071.03
957,13636.0,5,15.065396825396826,949.12
958,13637.0,3,8.024752475247524,810.5
959,13638.0,1,15.33,122.64
960,13639.0,1,25.833499999999997,1033.34
961,13642.0,1,5.375757575757576,354.8
962,13643.0,3,18.551428571428573,519.44
963,13644.0,4,17.974383561643837,2624.26
964,13645.0,1,50.42,252.1
965,13647.0,4,21.2420253164557,1678.1200000000001
966,13649.0,2,15.069565217391306,346.6
967,13650.0,6,19.128541666666667,1836.34
968,13651.0,2,15.700000000000001,94.2
969,13652.0,3,17.38222222222222,1095.08
970,13654.0,6,16.30921686746988,2707.33
971,13655.0,2,16.66017857142857,932.97
972,13656.0,2,7.747959183673469,379.65
973,13657.0,2,23.88375,382.14
974,13658.0,5,24.43675925925926,2639.17
975,13659.0,2,15.126923076923077,1573.2
976,13662.0,3,16.938867924528303,897.76
977,13663.0,1,14.574615384615385,189.47
978,13666.0,3,7.054166666666667,84.65
979,13667.0,1,3.505977011494253,305.02
980,13668.0,21,13.539553191489363,6363.59
981,13669.0,2,24.283333333333335,218.55
982,13670.0,1,13.988,349.7
983,13672.0,2,31.065,186.39000000000001
984,13673.0,2,6.106461538461539,396.92
985,13675.0,2,19.472800000000003,486.82000000000005
986,13678.0,1,14.5375,232.6
987,13680.0,4,19.089333333333332,3722.42
988,13681.0,4,14.523333333333333,827.83
989,13682.0,1,19.833333333333332,59.5
990,13684.0,1,2.241,67.23
991,13685.0,7,79.98564102564103,3119.44
992,13686.0,1,9.0,72.0
993,13689.0,1,151.66666666666666,910.0
994,13690.0,1,19.13888888888889,172.25
995,13692.0,3,28.081509433962264,1488.32
996,13694.0,50,114.50637323943663,65039.62
997,13695.0,15,27.823666666666668,2504.13
998,13697.0,1,12.608333333333333,151.29999999999998
999,13699.0,1,22.041428571428575,308.58000000000004
1000,13700.0,10,11.498071065989848,2265.12
1001,13703.0,1,99.5,99.5
1002,13704.0,9,17.224328358208954,2308.06
1003,13705.0,3,25.423571428571428,711.86
1004,13706.0,1,16.5395,330.79
1005,13707.0,2,16.800208333333334,806.41
1006,13708.0,1,5.821176470588235,296.88
1007,13709.0,13,18.833482142857143,6328.05
1008,13710.0,1,22.56,180.48
1009,13711.0,2,19.38923076923077,252.06
1010,13712.0,1,22.884,228.84
1011,13715.0,5,10.279428571428571,1079.34
1012,13716.0,1,6.584761904761905,138.28
1013,13717.0,6,14.166764705882352,1445.01
1014,13718.0,2,25.545833333333334,306.55
1015,13719.0,5,17.361333333333334,1041.68
1016,13720.0,4,18.60232558139535,799.9
1017,13721.0,1,18.719285714285714,524.14
1018,13722.0,3,27.945999999999998,2375.41
1019,13723.0,1,33.30833333333334,199.85000000000002
1020,13725.0,8,19.043846153846154,1980.56
1021,13726.0,2,25.70619047619047,1079.6599999999999
1022,13727.0,2,16.674,333.48
1023,13728.0,6,16.12920634920635,1016.14
1024,13730.0,2,17.50232558139535,752.6
1025,13731.0,2,16.068157894736842,610.59
1026,13732.0,1,14.904848484848486,491.86
1027,13735.0,4,14.72061224489796,2885.2400000000002
1028,13736.0,2,3.831937172774869,731.9
1029,13737.0,1,11.319999999999999,339.59999999999997
1030,13739.0,1,72.3,216.9
1031,13740.0,1,15.25,350.75
1032,13741.0,3,19.65970588235294,668.4300000000001
1033,13742.0,12,9.753956386292835,3131.02
1034,13743.0,7,32.72195121951219,1341.6
1035,13744.0,2,16.060555555555553,1156.36
1036,13745.0,1,12.001600000000002,300.04
1037,13747.0,1,79.6,79.6
1038,13748.0,5,33.86607142857143,948.25
1039,13750.0,5,68.63583333333334,1647.26
1040,13751.0,1,32.916666666666664,296.25
1041,13752.0,6,15.608947368421052,1186.28
1042,13753.0,1,21.178857142857144,741.26
1043,13754.0,2,23.549999999999997,282.59999999999997
1044,13755.0,9,6.319736842105263,2161.35
1045,13756.0,14,36.54591549295775,5189.52
1046,13758.0,7,27.26965811965812,3190.55
1047,13759.0,2,26.376400000000004,659.4100000000001
1048,13760.0,2,5.03140350877193,286.79
1049,13761.0,2,15.295000000000002,1070.65
1050,13762.0,1,43.81714285714286,306.72
1051,13763.0,1,114.33066666666667,1714.96
1052,13764.0,3,7.3161538461538465,1521.76
1053,13767.0,37,46.79445652173913,17220.36
1054,13769.0,10,20.71488888888889,2796.51
1055,13771.0,4,22.138235294117646,2634.45
1056,13772.0,3,6.396214689265538,1132.13
1057,13774.0,1,15.681818181818182,345.0
1058,13777.0,33,131.86375634517768,25977.16
1059,13778.0,1,19.855555555555554,178.7
1060,13780.0,2,6.315964912280702,360.01
1061,13781.0,1,7.5200000000000005,127.84
1062,13782.0,6,7.930434782608696,912.0
1063,13784.0,11,79.44483870967741,2462.79
1064,13786.0,1,32.91428571428571,230.39999999999998
1065,13787.0,2,9.969032258064518,309.04
1066,13790.0,1,7.751111111111111,348.8
1067,13791.0,2,137.8181818181818,1516.0
1068,13792.0,2,15.042307692307693,195.55
1069,13798.0,57,106.4580229226361,37153.85
1070,13799.0,2,17.663076923076922,688.86
1071,13800.0,1,16.91878787878788,558.32
1072,13801.0,1,14.121739130434783,324.8
1073,13802.0,3,76.657,4599.42
1074,13803.0,1,16.298235294117646,277.07
1075,13804.0,7,19.23934306569343,2635.79
1076,13805.0,2,71.12307692307692,924.6
1077,13806.0,1,25.637999999999998,256.38
1078,13807.0,1,16.085714285714285,112.6
1079,13808.0,5,22.995526315789476,1747.66
1080,13809.0,1,12.920833333333334,155.05
1081,13810.0,3,42.828857142857146,1499.01
1082,13811.0,3,62.65384615384615,814.5
1083,13812.0,3,14.972222222222221,539.0
1084,13813.0,4,19.809565217391306,1366.8600000000001
1085,13814.0,2,27.703859649122805,1579.12
1086,13815.0,4,22.882727272727273,4027.36
1087,13816.0,2,20.416785714285716,571.6700000000001
1088,13817.0,2,15.957500000000001,382.98
1089,13819.0,3,31.676388888888887,1140.35
1090,13821.0,2,6.536271186440678,385.64
1091,13822.0,2,6.583333333333333,632.0
1092,13823.0,2,23.941499999999998,957.66
1093,13824.0,5,36.93347826086956,1698.94
1094,13826.0,1,18.95,189.5
1095,13827.0,3,4.430645161290323,412.05
1096,13828.0,1,13.966000000000001,209.49
1097,13831.0,6,29.77013513513513,2202.99
1098,13832.0,1,17.4,52.199999999999996
1099,13833.0,1,13.26896551724138,384.8
1100,13835.0,4,15.174000000000001,834.57
1101,13837.0,2,14.275789473684211,271.24
1102,13838.0,4,3.975459770114943,691.73
1103,13841.0,1,85.0,85.0
1104,13842.0,9,16.43504854368932,3385.62
1105,13844.0,1,18.081,361.62
1106,13845.0,1,34.775555555555556,312.98
1107,13846.0,3,15.728363636363637,865.0600000000001
1108,13848.0,3,251.0,1255.0
1109,13849.0,2,15.227227722772279,1537.95
1110,13850.0,1,17.155698924731183,1595.48
1111,13851.0,3,32.73407407407407,2651.46
1112,13853.0,1,47.39739130434783,1090.14
1113,13854.0,25,73.72290909090908,8109.5199999999995
1114,13856.0,3,27.75,388.5
1115,13858.0,1,19.651818181818182,216.17
1116,13859.0,1,7.184285714285714,201.16
1117,13860.0,5,16.39342105263158,1245.9
1118,13862.0,8,15.894676258992806,2209.36
1119,13863.0,1,15.288999999999998,305.78
1120,13865.0,4,16.718666666666667,501.56
1121,13866.0,1,20.810000000000002,145.67000000000002
1122,13867.0,3,16.644098360655736,1015.29
1123,13868.0,2,96.74363636363637,3192.54
1124,13869.0,4,10.11384364820847,3104.95
1125,13870.0,8,24.095130434782607,2770.94
1126,13871.0,13,19.057291666666668,6403.25
1127,13873.0,3,16.93913043478261,389.6
1128,13874.0,1,30.025000000000002,540.45
1129,13875.0,5,17.180673076923078,1786.79
1130,13876.0,1,17.52857142857143,122.7
1131,13877.0,1,39.08,117.24
1132,13878.0,1,35.598055555555554,1281.53
1133,13880.0,13,19.513757575757577,3219.77
1134,13881.0,20,96.40179775280899,17159.52
1135,13882.0,5,18.325076923076924,1191.13
1136,13883.0,5,18.834366197183098,2674.48
1137,13884.0,5,13.349152542372881,787.6
1138,13885.0,2,18.1,506.8
1139,13886.0,1,15.2225,243.56
1140,13887.0,1,18.397368421052633,349.55
1141,13888.0,2,15.14075,605.63
1142,13889.0,1,27.793333333333337,416.90000000000003
1143,13890.0,10,17.125545454545456,1883.8100000000002
1144,13892.0,4,23.443333333333335,632.97
1145,13893.0,1,39.1,821.1
1146,13894.0,3,20.911851851851853,564.62
1147,13895.0,4,21.975169491525424,2593.07
1148,13897.0,1,18.303529411764707,311.16
1149,13898.0,1,12.994166666666667,155.93
1150,13899.0,2,20.448421052631577,388.52
1151,13900.0,3,17.23139534883721,740.95
1152,13901.0,5,19.242953020134227,2867.2
1153,13904.0,2,12.793846153846154,332.64
1154,13908.0,4,19.42254098360656,2369.55
1155,13911.0,9,17.43858108108108,2580.91
1156,13914.0,2,18.983333333333334,626.45
1157,13917.0,2,15.113333333333335,272.04
1158,13918.0,2,40.428000000000004,1212.8400000000001
1159,13919.0,2,13.743214285714286,384.81
1160,13922.0,1,24.607142857142858,172.25
1161,13923.0,1,17.5565,351.13
1162,13924.0,6,15.716666666666669,1838.8500000000001
1163,13925.0,4,16.54268292682927,678.25
1164,13926.0,1,20.35,223.85000000000002
1165,13927.0,1,16.61857142857143,348.99
1166,13928.0,4,17.206296296296298,464.57
1167,13929.0,2,93.62777777777778,842.65
1168,13930.0,2,19.843529411764706,337.34
1169,13931.0,2,21.336724137931036,1237.53
1170,13932.0,1,19.2125,307.4
1171,13933.0,2,26.469130434782613,608.7900000000001
1172,13934.0,1,29.74516129032258,922.1
1173,13936.0,1,14.483846153846153,376.58
1174,13937.0,1,17.65,158.85
1175,13938.0,1,10.237142857142857,71.66
1176,13939.0,3,12.634444444444444,568.55
1177,13940.0,4,17.12530612244898,839.14
1178,13941.0,5,113.62133333333334,5112.96
1179,13946.0,3,51.05181818181818,561.5699999999999
1180,13947.0,1,18.119999999999997,90.6
1181,13948.0,1,34.0,102.0
1182,13949.0,6,15.170750000000002,2427.32
1183,13950.0,4,21.28742857142857,745.06
1184,13951.0,3,17.293589743589745,674.45
1185,13952.0,2,23.730445255474454,3251.071
1186,13953.0,7,175.784,3515.68
1187,13954.0,2,17.5968,439.92
1188,13955.0,2,9.786666666666665,322.96
1189,13956.0,5,6.752763157894737,1026.42
1190,13959.0,3,6.502173913043479,598.2
1191,13960.0,2,19.185,230.22
1192,13962.0,2,15.413636363636364,169.55
1193,13963.0,4,18.986857142857144,664.54
1194,13967.0,1,40.35,80.7
1195,13969.0,18,14.463162939297126,9053.94
1196,13971.0,8,18.511812080536913,2758.26
1197,13972.0,2,12.683333333333334,190.25
1198,13973.0,1,24.063636363636363,264.7
1199,13974.0,1,14.77107142857143,413.59000000000003
1200,13975.0,6,7.474201183431953,2526.28
1201,13976.0,1,35.798,357.98
1202,13978.0,2,13.119333333333335,196.79000000000002
1203,13979.0,1,16.108703703703704,869.87
1204,13980.0,1,18.19454545454545,200.14
1205,13982.0,4,16.863153153153153,1871.81
1206,13983.0,12,24.3311214953271,2603.43
1207,13984.0,5,57.531875,920.51
1208,13985.0,15,20.229598853868197,7060.13
1209,13986.0,1,24.650769230769228,320.46
1210,13988.0,6,17.726324786324785,4147.96
1211,13989.0,2,30.88,1266.08
1212,13990.0,1,19.45625,311.3
1213,13991.0,6,10.190119047619048,855.97
1214,13992.0,1,15.36,76.8
1215,13993.0,9,28.647603305785125,3466.36
1216,13994.0,6,14.923483870967742,2313.14
1217,13995.0,5,16.205697674418605,1393.69
1218,13999.0,12,18.758701923076924,3901.81
1219,14000.0,1,42.37733333333333,635.66
1220,14001.0,3,52.38666666666667,2043.0800000000002
1221,14002.0,2,11.270851063829788,529.73
1222,14004.0,7,26.799064327485382,4582.64
1223,14005.0,5,34.22285714285714,2874.72
1224,14006.0,3,32.073,962.19
1225,14009.0,2,16.562142857142856,695.61
1226,14012.0,1,29.89090909090909,328.8
1227,14013.0,3,13.91235294117647,473.02
1228,14014.0,1,12.953333333333333,505.18
1229,14015.0,1,45.867000000000004,917.34
1230,14016.0,4,26.964037267080744,4341.21
1231,14019.0,3,21.539545454545454,1421.61
1232,14020.0,2,16.48205128205128,642.8
1233,14021.0,3,28.722727272727273,631.9
1234,14022.0,1,15.714285714285714,440.0
1235,14023.0,2,18.840967741935486,584.07
1236,14024.0,2,20.48125,327.7
1237,14027.0,1,17.47,104.82
1238,14029.0,2,31.177333333333333,467.66
1239,14030.0,8,9.712304526748971,2360.09
1240,14031.0,19,69.14744,17286.86
1241,14032.0,11,20.80832167832168,2975.59
1242,14034.0,3,7.323820224719101,651.8199999999999
1243,14035.0,5,21.636666666666667,1428.02
1244,14036.0,1,16.49078947368421,626.65
1245,14037.0,2,5.257142857142858,147.20000000000002
1246,14038.0,3,16.960652173913044,1560.38
1247,14039.0,1,25.366666666666664,152.2
1248,14040.0,12,15.38263829787234,3614.92
1249,14041.0,1,6.733809523809524,141.41
1250,14044.0,4,3.1235406698564594,652.82
1251,14045.0,4,276.625,1659.75
1252,14046.0,1,11.070714285714287,154.99
1253,14047.0,5,40.894062500000004,1308.6100000000001
1254,14048.0,1,4.822705882352941,409.93
1255,14049.0,4,11.642868852459017,5681.72
1256,14050.0,2,13.821481481481483,746.36
1257,14051.0,23,74.33519047619048,15610.390000000001
1258,14052.0,1,4.024285714285715,225.36
1259,14053.0,2,65.0625,260.25
1260,14054.0,1,15.409999999999998,92.46
1261,14055.0,1,72.56400000000001,725.6400000000001
1262,14056.0,23,7.427350813743218,8214.65
1263,14057.0,17,21.894225352112677,6217.96
1264,14059.0,1,22.95,183.6
1265,14060.0,19,30.39811881188119,6140.42
1266,14062.0,12,94.27792792792793,10464.85
1267,14064.0,5,16.92175,1353.74
1268,14066.0,1,21.792857142857144,152.55
1269,14067.0,2,7.2057692307692305,374.7
1270,14068.0,1,11.077083333333334,265.85
1271,14071.0,8,4.440802469135802,1438.82
1272,14073.0,1,11.618461538461538,151.04
1273,14075.0,3,21.913023255813954,942.26
1274,14076.0,1,2.662391304347826,122.47
1275,14077.0,5,11.89095238095238,499.41999999999996
1276,14078.0,6,16.144153846153845,1049.37
1277,14079.0,1,31.258333333333336,375.1
1278,14080.0,1,11.399999999999999,45.599999999999994
1279,14081.0,2,6.10797385620915,934.52
1280,14082.0,1,6.2844827586206895,182.25
1281,14083.0,9,5.626685082872928,1018.43
1282,14085.0,18,9.885644444444445,4448.54
1283,14087.0,1,2.8176811594202897,194.42
1284,14088.0,13,85.7246349745331,50491.81
1285,14089.0,1,11.5,161.0
1286,14090.0,1,76.32000000000001,76.32000000000001
1287,14092.0,14,19.050981308411213,4076.91
1288,14093.0,1,4.217619047619048,442.85
1289,14096.0,17,12.749909998043435,65164.79
1290,14098.0,1,7.016666666666667,147.35
1291,14099.0,11,12.41668,3104.17
1292,14100.0,1,7.496153846153846,194.9
1293,14101.0,6,170.76542857142857,5976.79
1294,14102.0,5,17.21873417721519,1360.28
1295,14104.0,2,10.295714285714284,216.20999999999998
1296,14105.0,1,17.111216216216217,1266.23
1297,14107.0,7,21.977479674796747,2703.23
1298,14108.0,2,17.585588235294118,597.91
1299,14109.0,1,16.022222222222222,144.2
1300,14110.0,12,36.66548387096774,5683.15
1301,14111.0,4,69.285,692.85
1302,14112.0,7,18.2196875,2915.15
1303,14113.0,4,54.13,1840.42
1304,14114.0,2,25.768666666666665,386.53
1305,14116.0,5,19.204722222222223,1382.74
1306,14117.0,1,30.0,90.0
1307,14121.0,4,17.485220125786164,2780.15
1308,14124.0,1,83.91600000000001,419.58000000000004
1309,14125.0,3,16.409760479041914,2740.43
1310,14126.0,3,47.07533333333334,706.1300000000001
1311,14127.0,3,16.129772727272726,709.71
1312,14128.0,2,13.858695652173912,637.5
1313,14129.0,5,21.61269230769231,1123.8600000000001
1314,14130.0,1,7.221791044776119,483.86
1315,14132.0,11,17.930149999999998,3586.0299999999997
1316,14133.0,3,21.63,605.64
1317,14135.0,15,35.00231343283583,4690.31
1318,14138.0,2,20.901702127659576,982.3800000000001
1319,14139.0,1,15.993076923076924,415.82
1320,14140.0,2,14.167424242424241,935.05
1321,14141.0,4,22.87825,915.13
1322,14142.0,1,14.173181818181819,311.81
1323,14143.0,1,16.54285714285714,115.8
1324,14145.0,4,340.2,3742.2
1325,14146.0,5,19.957142857142856,4191.0
1326,14147.0,2,96.67999999999999,483.4
1327,14148.0,1,52.4,157.2
1328,14149.0,1,15.950714285714286,446.62
1329,14150.0,2,25.33230769230769,658.64
1330,14152.0,2,12.67938775510204,621.29
1331,14154.0,2,25.87730769230769,1345.62
1332,14155.0,1,19.791666666666668,118.75
1333,14156.0,55,83.84259285714286,117379.63
1334,14157.0,2,9.018333333333333,432.88
1335,14158.0,1,12.381951219512196,507.66
1336,14159.0,11,3.8978488372093025,4693.01
1337,14161.0,3,10.282592592592593,1110.52
1338,14162.0,2,11.5744,289.36
1339,14163.0,4,47.036730769230765,2445.91
1340,14164.0,2,56.26793103448276,1631.77
1341,14165.0,1,4.901599999999999,122.53999999999999
1342,14167.0,4,11.054615384615385,574.84
1343,14171.0,1,6.272241379310345,363.79
1344,14173.0,4,15.546206896551723,450.84
1345,14174.0,1,5.171538461538462,134.46
1346,14175.0,3,21.626174496644296,3222.3
1347,14176.0,4,18.609677419354842,576.9000000000001
1348,14177.0,4,13.319285714285714,559.41
1349,14178.0,7,4.9569724770642205,1620.93
1350,14179.0,2,4.36230303030303,719.78
1351,14180.0,25,19.785500000000003,4748.52
1352,14184.0,1,18.870416666666667,452.89
1353,14185.0,1,65.88333333333334,197.65
1354,14188.0,6,31.605538461538462,2054.36
1355,14189.0,15,17.56256603773585,4654.08
1356,14191.0,13,18.08787644787645,4684.76
1357,14193.0,2,20.318809523809524,853.39
1358,14194.0,21,19.601934369602763,11349.52
1359,14195.0,2,144.57142857142858,1012.0
1360,14196.0,1,55.919999999999995,335.52
1361,14198.0,4,17.984615384615385,701.4
1362,14199.0,1,92.69999999999999,185.39999999999998
1363,14201.0,7,20.20108108108108,747.44
1364,14204.0,1,3.659772727272727,161.03
1365,14205.0,2,19.445833333333333,466.7
1366,14206.0,1,16.407999999999998,328.15999999999997
1367,14208.0,1,15.174000000000001,151.74
1368,14209.0,6,23.83252873563218,2073.43
1369,14210.0,6,18.684705882352944,1905.8400000000001
1370,14211.0,9,20.009821428571428,2241.1
1371,14212.0,1,118.94222222222223,1070.48
1372,14214.0,5,14.990746268656716,1004.38
1373,14215.0,6,16.57148148148148,1789.72
1374,14216.0,4,31.17457627118644,1839.3
1375,14217.0,17,20.0498,2004.98
1376,14218.0,1,14.123333333333335,169.48000000000002
1377,14219.0,1,12.848571428571429,89.94
1378,14220.0,2,30.114285714285714,632.4
1379,14221.0,9,17.78652849740933,3432.8
1380,14222.0,1,16.662682926829266,683.17
1381,14223.0,3,16.518833333333333,991.13
1382,14224.0,4,8.899322033898304,1050.12
1383,14226.0,5,33.31626865671642,2232.19
1384,14227.0,10,19.148342857142858,3350.96
1385,14229.0,3,38.68,1547.2
1386,14231.0,3,18.514200000000002,925.71
1387,14232.0,5,17.80930434782609,2048.07
1388,14233.0,4,41.792,1462.72
1389,14234.0,4,4.877106918238994,775.46
1390,14235.0,5,39.80835443037975,3144.86
1391,14236.0,2,32.724000000000004,490.86
1392,14237.0,1,17.88888888888889,161.0
1393,14238.0,1,18.35625,146.85
1394,14239.0,11,21.257589285714285,2380.85
1395,14240.0,2,21.19857142857143,890.34
1396,14241.0,1,21.37,213.70000000000002
1397,14242.0,2,17.534375,280.55
1398,14243.0,10,18.360070921985816,2588.77
1399,14245.0,2,15.680092592592594,1693.45
1400,14246.0,3,19.654133333333334,1474.06
1401,14247.0,1,6.838499999999999,136.76999999999998
1402,14248.0,1,37.8225,302.58
1403,14250.0,3,17.153603603603603,1904.05
1404,14251.0,5,36.91923076923077,2879.7000000000003
1405,14256.0,2,18.284150943396227,969.0600000000001
1406,14257.0,5,29.242641509433966,3099.7200000000003
1407,14258.0,9,114.14396396396396,12669.98
1408,14259.0,1,24.0,120.0
1409,14261.0,2,22.37403846153846,1163.45
1410,14262.0,8,18.3093006993007,2618.23
1411,14264.0,2,19.64529411764706,333.97
1412,14265.0,2,17.10258064516129,530.18
1413,14267.0,3,27.568,1516.24
1414,14270.0,1,16.98793103448276,492.65000000000003
1415,14271.0,1,11.232,112.32
1416,14272.0,2,13.271515151515151,437.96
1417,14273.0,4,19.309310344827587,559.97
1418,14276.0,3,17.4959375,1119.74
1419,14277.0,3,18.738666666666667,4216.2
1420,14280.0,1,16.755,134.04
1421,14282.0,15,23.906025641025643,3729.34
1422,14284.0,2,18.6015625,595.25
1423,14285.0,4,70.74111111111111,1910.01
1424,14286.0,3,16.53125,4628.75
1425,14287.0,3,19.625555555555554,176.63
1426,14288.0,1,26.6625,426.6
1427,14289.0,6,19.388510638297873,911.26
1428,14290.0,5,22.917326732673267,2314.65
1429,14291.0,11,16.385021097046412,3883.25
1430,14292.0,9,48.719300000000004,4871.93
1431,14293.0,4,17.15672131147541,1046.56
1432,14295.0,1,33.24,166.20000000000002
1433,14297.0,4,21.053709677419352,1305.33
1434,14298.0,44,31.476664630421503,51527.3
1435,14299.0,9,27.73160839160839,3965.62
1436,14300.0,1,14.4,43.2
1437,14301.0,1,49.24153846153846,640.14
1438,14304.0,1,22.555882352941175,383.45
1439,14305.0,3,17.70438095238095,1858.96
1440,14306.0,2,63.4339393939394,2093.32
1441,14307.0,6,16.642888888888887,2995.72
1442,14309.0,9,20.10709401709402,2352.53
1443,14311.0,1,15.513,310.26
1444,14312.0,6,18.524022988505745,1611.59
1445,14314.0,1,15.0,120.0
1446,14315.0,6,24.565643564356435,2481.13
1447,14317.0,1,21.190833333333334,508.58000000000004
1448,14320.0,2,15.412580645161292,477.79
1449,14321.0,5,12.445121951219512,1530.75
1450,14323.0,2,16.807222222222222,605.0600000000001
1451,14326.0,1,22.98125,183.85
1452,14327.0,1,25.97083333333333,311.65
1453,14329.0,7,19.362316602316604,5014.84
1454,14331.0,2,16.523571428571426,462.65999999999997
1455,14332.0,3,33.31961538461538,866.31
1456,14333.0,1,27.68,415.2
1457,14334.0,8,15.754382716049383,2552.21
1458,14335.0,2,7.432698412698413,468.26
1459,14336.0,4,17.943444444444445,1614.91
1460,14338.0,2,18.97483870967742,588.22
1461,14339.0,1,22.108571428571427,309.52
1462,14340.0,1,22.45,134.7
1463,14341.0,8,16.916899224806205,2182.28
1464,14342.0,4,31.836190476190477,668.5600000000001
1465,14344.0,8,12.534225352112676,889.9300000000001
1466,14345.0,1,18.16333333333333,108.97999999999999
1467,14346.0,2,17.026333333333334,1021.58
1468,14348.0,1,22.753888888888888,409.57
1469,14349.0,1,4.306451612903226,133.5
1470,14350.0,1,15.718333333333334,282.93
1471,14351.0,1,51.0,51.0
1472,14352.0,4,22.95659574468085,1078.96
1473,14353.0,1,15.1,90.6
1474,14354.0,2,18.18,163.62
1475,14355.0,1,15.854545454545455,174.4
1476,14356.0,2,21.24939393939394,701.23
1477,14357.0,1,5.506585365853659,225.77
1478,14359.0,3,16.58509090909091,912.18
1479,14360.0,4,18.035847457627117,2128.23
1480,14362.0,1,3.9317073170731707,161.2
1481,14364.0,8,53.87463768115942,3717.35
1482,14367.0,16,17.67465648854962,9261.52
1483,14368.0,1,19.375,155.0
1484,14371.0,1,25.125,100.5
1485,14373.0,1,19.1375,76.55
1486,14375.0,1,3.4357333333333333,257.68
1487,14377.0,2,56.095454545454544,617.05
1488,14379.0,2,7.567391304347827,348.1
1489,14381.0,1,3.619285714285714,202.68
1490,14382.0,1,4.7791603053435106,626.0699999999999
1491,14383.0,3,21.14728813559322,1247.69
1492,14385.0,3,14.436428571428573,202.11
1493,14386.0,1,20.342857142857145,142.4
1494,14387.0,3,12.646857142857142,1770.56
1495,14388.0,8,17.273333333333333,3212.84
1496,14389.0,2,23.188000000000002,1043.46
1497,14390.0,9,16.268601398601398,4652.82
1498,14393.0,1,13.59,67.95
1499,14395.0,9,10.02202857142857,3507.71
1500,14396.0,2,6.684794520547945,487.99
1501,14397.0,19,30.034022988505747,2612.96
1502,14400.0,1,22.988000000000003,574.7
1503,14401.0,13,22.26087912087912,4051.48
1504,14403.0,4,73.7905,1475.81
1505,14404.0,6,14.31378640776699,1474.32
1506,14406.0,1,19.59375,156.75
1507,14407.0,6,29.557945205479452,2157.73
1508,14408.0,7,24.360093457943925,2606.53
1509,14409.0,6,38.137962962962966,2059.4500000000003
1510,14410.0,9,5.725751295336787,1105.07
1511,14411.0,1,75.92857142857143,1063.0
1512,14412.0,2,17.90767441860465,770.03
1513,14413.0,1,5.334782608695653,122.7
1514,14414.0,7,15.432783505154639,1496.98
1515,14415.0,13,10.000474576271186,5900.28
1516,14416.0,2,35.01571428571429,490.22
1517,14418.0,3,15.622983870967742,1937.25
1518,14419.0,6,5.13621359223301,1058.06
1519,14420.0,1,13.362758620689654,387.52
1520,14421.0,2,30.115185185185187,813.11
1521,14422.0,6,19.205585585585588,4263.64
1522,14423.0,1,88.39999999999999,265.2
1523,14424.0,1,322.08,322.08
1524,14426.0,10,20.007455357142856,4481.67
1525,14427.0,2,21.37294117647059,363.34000000000003
1526,14428.0,5,8.644652777777777,1244.83
1527,14431.0,1,27.668235294117647,470.36
1528,14432.0,6,5.904476439790576,2255.51
1529,14434.0,6,114.39999999999999,1372.8
1530,14436.0,1,9.895555555555555,89.06
1531,14437.0,1,12.6,63.0
1532,14438.0,1,14.655555555555557,131.9
1533,14439.0,1,83.16375,2661.24
1534,14440.0,5,42.8669090909091,2357.6800000000003
1535,14441.0,4,33.58607843137255,1712.89
1536,14442.0,2,25.235238095238095,1589.82
1537,14443.0,4,15.270967741935484,1420.2
1538,14446.0,4,3.548054607508532,1039.58
1539,14447.0,5,16.617571428571427,1163.23
1540,14448.0,2,18.767500000000002,375.35
1541,14449.0,4,3.5158914728682173,907.1
1542,14450.0,3,12.08125,483.25
1543,14451.0,2,6.078807339449542,662.59
1544,14452.0,2,4.26516129032258,264.44
1545,14453.0,1,5.451363636363637,119.93
1546,14456.0,9,3.1571134020618556,3062.4
1547,14457.0,1,28.41,113.64
1548,14459.0,1,49.67351351351351,1837.92
1549,14460.0,3,27.14625,434.34
1550,14461.0,3,11.683666666666666,2103.06
1551,14462.0,11,8.350083333333334,2004.02
1552,14463.0,3,88.27,529.62
1553,14465.0,3,8.14323076923077,1058.6200000000001
1554,14466.0,7,31.561111111111114,2272.4
1555,14467.0,4,6.652888888888889,598.76
1556,14470.0,2,10.725348837209303,461.19
1557,14472.0,8,6.892669039145908,1936.84
1558,14473.0,2,33.47714285714286,234.34000000000003
1559,14474.0,1,18.884827586206896,547.66
1560,14475.0,3,22.04404761904762,925.85
1561,14476.0,1,11.352631578947367,215.7
1562,14477.0,4,130.95999999999998,1309.6
1563,14479.0,2,17.569444444444443,316.25
1564,14480.0,1,21.465384615384615,279.05
1565,14481.0,2,21.217,636.51
1566,14482.0,6,14.362152777777778,2068.15
1567,14483.0,1,15.233333333333333,137.1
1568,14484.0,1,22.994285714285716,321.92
1569,14485.0,1,3.526595744680851,165.75
1570,14487.0,6,8.307847222222222,1196.33
1571,14488.0,1,23.136521739130433,1064.28
1572,14489.0,1,15.446,463.38
1573,14491.0,2,20.05470588235294,340.93
1574,14493.0,5,19.860333333333337,2383.2400000000002
1575,14494.0,1,19.937142857142856,139.56
1576,14495.0,2,20.633333333333333,123.8
1577,14496.0,2,28.35842105263158,538.8100000000001
1578,14497.0,1,16.392068965517243,475.37
1579,14498.0,5,10.141554404145078,1957.32
1580,14499.0,3,4.2026804123711345,815.32
1581,14500.0,3,50.978571428571435,356.85
1582,14501.0,2,25.121000000000002,251.21
1583,14502.0,11,3.9594070512820516,2470.67
1584,14503.0,6,21.605243902439025,3543.26
1585,14504.0,4,6.2921495327102805,673.26
1586,14505.0,8,7.391289111389237,5905.64
1587,14506.0,5,6.367626582278481,2012.17
1588,14507.0,6,14.408125,1383.18
1589,14508.0,2,4.849473684210526,276.42
1590,14511.0,5,19.33544117647059,1314.81
1591,14512.0,2,11.968695652173912,275.28
1592,14513.0,3,37.965833333333336,455.59000000000003
1593,14514.0,3,14.456849315068492,1055.35
1594,14515.0,6,20.812772277227726,2102.09
1595,14517.0,2,18.358333333333334,330.45
1596,14518.0,1,10.898125,174.37
1597,14520.0,2,67.65,270.6
1598,14522.0,4,57.32588235294117,974.54
1599,14523.0,1,20.090833333333332,241.09
1600,14524.0,9,9.20039408866995,1867.68
1601,14525.0,9,14.887285223367696,4332.2
1602,14527.0,55,8.753930041152262,8508.82
1603,14528.0,1,20.234444444444442,364.21999999999997
1604,14529.0,3,2.707598253275109,620.04
1605,14530.0,6,13.54587962962963,2925.91
1606,14532.0,4,14.57578125,932.85
1607,14533.0,7,31.44709677419355,1949.72
1608,14534.0,18,8.56849710982659,4447.05
1609,14535.0,3,8.679363636363636,2864.19
1610,14536.0,1,9.042105263157895,171.8
1611,14537.0,1,35.556,355.56
1612,14538.0,2,20.43421052631579,388.25
1613,14539.0,2,16.79625,537.48
1614,14540.0,3,13.108684210526315,996.26
1615,14541.0,8,13.168018018018019,1461.65
1616,14542.0,1,20.65,103.25
1617,14543.0,16,50.42125,3630.33
1618,14544.0,2,17.758333333333333,2024.45
1619,14546.0,5,6.4613784461152886,2578.09
1620,14547.0,8,10.949562841530055,4007.54
1621,14548.0,2,163.2,652.8
1622,14549.0,1,5.165,289.24
1623,14550.0,2,15.950416666666667,765.62
1624,14551.0,2,18.622999999999998,186.23
1625,14552.0,1,2.8460344827586206,165.07
1626,14553.0,5,7.604159292035398,859.27
1627,14554.0,4,11.023333333333333,2381.04
1628,14555.0,2,15.435238095238095,324.14
1629,14557.0,1,49.27375,788.38
1630,14560.0,22,30.240135135135134,2237.77
1631,14561.0,3,15.6631884057971,1080.76
1632,14562.0,18,11.997092198581562,5074.77
1633,14565.0,4,24.40251968503937,3099.12
1634,14566.0,1,358.0,1432.0
1635,14567.0,2,46.374545454545455,1530.3600000000001
1636,14569.0,1,18.949166666666667,227.39
1637,14570.0,2,7.519310344827586,218.06
1638,14572.0,7,10.492,2832.84
1639,14573.0,9,7.035829787234043,1653.42
1640,14576.0,1,35.400000000000006,35.400000000000006
1641,14577.0,4,6.989512195121952,859.71
1642,14578.0,1,7.02625,168.63
1643,14581.0,1,8.152941176470588,138.6
1644,14582.0,1,19.018333333333334,114.11
1645,14583.0,5,3.1895454545454545,1052.55
1646,14584.0,4,10.4226,1042.26
1647,14585.0,1,5.415517241379311,157.05
1648,14586.0,1,12.49263157894737,237.36
1649,14587.0,9,4.180522193211488,1601.14
1650,14589.0,1,13.25,39.75
1651,14591.0,4,7.345888324873097,1447.14
1652,14592.0,3,3.4784146341463416,570.46
1653,14593.0,3,4.065723684210527,617.99
1654,14594.0,2,7.166603773584906,379.83
1655,14595.0,6,17.06470588235294,1740.6
1656,14597.0,2,16.05727272727273,883.15
1657,14598.0,1,4.4394,221.97
1658,14600.0,1,15.733200000000002,393.33000000000004
1659,14601.0,1,30.565714285714286,213.96
1660,14603.0,1,330.0,660.0
1661,14606.0,93,4.502462962962963,12156.65
1662,14607.0,14,192.66860465116278,16569.5
1663,14608.0,4,89.25750000000001,1785.15
1664,14609.0,4,150.39,601.56
1665,14616.0,3,135.36,406.08000000000004
1666,14618.0,3,34.59,553.44
1667,14619.0,1,19.722,394.44
1668,14620.0,2,15.876153846153848,412.78000000000003
1669,14621.0,5,19.438695652173916,1788.3600000000001
1670,14622.0,1,15.265714285714287,320.58000000000004
1671,14623.0,5,6.6361940298507465,889.25
1672,14624.0,2,17.373076923076923,225.85
1673,14625.0,2,16.974150943396225,899.63
1674,14626.0,4,22.87926229508197,2791.27
1675,14628.0,2,27.998333333333335,671.96
1676,14629.0,2,6.309276315789473,959.01
1677,14631.0,3,24.56048780487805,1006.98
1678,14632.0,1,14.32,114.56
1679,14633.0,1,17.245,344.90000000000003
1680,14636.0,2,21.780357142857145,609.85
1681,14638.0,1,27.725,443.6
1682,14639.0,6,17.351686046511627,2984.49
1683,14640.0,6,20.047924528301888,2125.08
1684,14641.0,1,15.78,110.46
1685,14642.0,1,48.06,96.12
1686,14643.0,2,22.380967741935486,693.8100000000001
1687,14644.0,2,31.95230769230769,830.76
1688,14645.0,2,19.903000000000002,597.09
1689,14646.0,73,134.97399807321773,280206.02
1690,14647.0,1,8.107333333333333,243.22
1691,14649.0,4,7.122060301507537,1417.29
1692,14651.0,2,6.41764705882353,654.6
1693,14652.0,1,3.937241379310345,114.18
1694,14653.0,7,8.217510548523206,1947.55
1695,14655.0,4,39.43326530612245,1932.23
1696,14656.0,2,3.638125,291.05
1697,14657.0,4,6.7319047619047625,848.22
1698,14658.0,2,8.522413793103448,247.15
1699,14659.0,9,9.999723320158102,2529.93
1700,14660.0,2,9.524666666666667,285.74
1701,14661.0,1,26.9875,107.95
1702,14662.0,4,4.590297619047619,771.17
1703,14664.0,2,6.443333333333333,637.89
1704,14665.0,5,20.39666666666667,1835.7
1705,14666.0,1,13.946428571428571,195.25
1706,14667.0,25,16.127748691099477,9241.2
1707,14669.0,3,7.470529411764706,1269.99
1708,14670.0,2,3.1176515151515147,411.53
1709,14672.0,2,12.549999999999999,765.55
1710,14673.0,5,23.464864864864865,1736.4
1711,14675.0,1,5.928921568627451,604.75
1712,14676.0,6,60.672380952380955,2548.2400000000002
1713,14680.0,16,111.45003875968993,28754.11
1714,14681.0,3,71.27857142857142,498.95
1715,14682.0,2,26.0,52.0
1716,14684.0,5,2.9365320665083137,1236.28
1717,14687.0,1,41.892,628.38
1718,14688.0,21,17.219785932721713,5630.87
1719,14689.0,1,8.676923076923076,112.8
1720,14690.0,2,7.434,371.7
1721,14691.0,5,29.779295774647885,2114.33
1722,14692.0,4,8.699264705882353,591.55
1723,14693.0,1,21.6125,172.9
1724,14696.0,7,15.991923076923076,2078.95
1725,14697.0,2,8.573181818181817,188.60999999999999
1726,14698.0,5,5.9559999999999995,1250.76
1727,14699.0,1,13.641250000000001,109.13000000000001
1728,14700.0,3,19.437391304347827,2235.3
1729,14701.0,9,7.610059701492537,2549.37
1730,14702.0,17,9.487435158501441,3292.14
1731,14703.0,1,14.462272727272728,318.17
1732,14704.0,9,3.7274939759036148,1546.91
1733,14705.0,1,179.0,179.0
1734,14708.0,3,40.2275,1126.37
1735,14709.0,13,25.10734693877551,4921.04
1736,14710.0,4,4.360647482014389,606.13
1737,14711.0,11,8.035854341736695,2868.8
1738,14712.0,3,36.6828,917.07
1739,14713.0,11,7.865368731563422,2666.36
1740,14714.0,1,16.019,160.19
1741,14715.0,4,12.21661971830986,867.38
1742,14716.0,2,5.9941818181818185,329.68
1743,14719.0,5,6.7600421940928275,1602.13
1744,14720.0,3,17.94081081081081,663.81
1745,14722.0,1,6.48,187.92000000000002
1746,14723.0,6,4.1665467625899275,1158.3
1747,14725.0,1,13.80923076923077,718.08
1748,14727.0,1,26.857999999999997,268.58
1749,14729.0,1,4.415352112676056,313.49
1750,14730.0,8,4.0021157684630735,2005.06
1751,14731.0,3,8.444888888888888,380.02
1752,14732.0,8,18.384285714285717,2702.4900000000002
1753,14733.0,12,47.455,9585.91
1754,14735.0,32,31.26644329896907,6065.69
1755,14737.0,3,68.50294117647059,1164.55
1756,14738.0,7,24.34166666666667,1314.45
1757,14739.0,7,65.038,3902.28
1758,14740.0,3,16.272022471910113,1448.21
1759,14741.0,6,23.73457627118644,1400.34
1760,14744.0,7,42.30692307692308,1099.98
1761,14745.0,5,17.684927536231886,1220.26
1762,14747.0,1,18.233333333333334,328.2
1763,14748.0,5,15.907303370786517,1415.75
1764,14752.0,1,77.928,389.64
1765,14753.0,1,18.771666666666665,563.15
1766,14754.0,2,15.562195121951218,638.05
1767,14755.0,11,21.320340425531914,5010.28
1768,14756.0,1,19.446315789473687,738.96
1769,14757.0,1,22.13157894736842,420.5
1770,14758.0,4,20.90225352112676,1484.06
1771,14759.0,3,15.940882352941177,1625.97
1772,14760.0,1,17.84,89.2
1773,14761.0,2,23.263636363636365,255.9
1774,14762.0,1,14.310476190476189,300.52
1775,14764.0,1,46.38333333333333,278.3
1776,14765.0,3,6.515641025641026,254.11
1777,14766.0,6,18.321259259259257,2473.37
1778,14768.0,2,38.52,192.60000000000002
1779,14769.0,8,9.79334862385321,10674.75
1780,14770.0,2,16.854230769230767,876.42
1781,14772.0,1,15.473333333333333,139.26
1782,14775.0,3,16.865,1011.9
1783,14776.0,11,21.694871794871798,2538.3
1784,14778.0,2,20.881714285714285,730.86
1785,14779.0,3,9.418292682926829,386.15
1786,14780.0,2,16.58074074074074,447.68
1787,14782.0,1,33.35,200.10000000000002
1788,14784.0,2,19.332666666666668,289.99
1789,14785.0,2,25.8,77.4
1790,14788.0,2,22.648,679.4399999999999
1791,14789.0,1,32.94,197.64
1792,14790.0,4,16.19695652173913,745.06
1793,14792.0,1,3.1,6.2
1794,14793.0,1,16.356428571428573,228.99
1795,14794.0,7,16.498875,1319.91
1796,14795.0,1,21.908333333333335,131.45000000000002
1797,14796.0,17,7.031104294478528,8022.49
1798,14798.0,3,14.478333333333333,173.74
1799,14799.0,1,12.13076923076923,157.7
1800,14800.0,12,11.272051948051947,4339.74
1801,14801.0,1,3.273559322033898,193.14
1802,14803.0,3,19.217045454545453,845.55
1803,14804.0,1,29.439166666666665,353.27
1804,14805.0,4,11.801063829787234,554.65
1805,14806.0,1,17.580909090909092,193.39000000000001
1806,14808.0,8,11.664553191489363,2741.17
1807,14810.0,11,8.187764705882353,2087.88
1808,14813.0,2,5.181,155.43
1809,14815.0,2,14.68867924528302,778.5
1810,14816.0,1,67.9625,271.85
1811,14817.0,2,17.624444444444443,1110.34
1812,14818.0,3,13.704166666666666,657.8
1813,14819.0,2,20.928461538461537,272.07
1814,14820.0,4,17.492758620689656,507.29
1815,14821.0,1,24.400000000000002,48.800000000000004
1816,14823.0,3,4.591857142857143,321.43
1817,14824.0,4,38.88655172413793,1127.71
1818,14825.0,12,18.404214876033056,2226.91
1819,14828.0,3,125.86823529411765,2139.76
1820,14829.0,4,16.60833333333333,697.55
1821,14830.0,1,4.92825,197.13
1822,14834.0,6,25.676119402985073,1720.3
1823,14836.0,3,17.075,102.44999999999999
1824,14837.0,4,15.273148148148149,1649.5
1825,14840.0,1,15.7125,62.85
1826,14841.0,6,23.88231884057971,3295.76
1827,14842.0,4,19.480620689655172,2824.69
1828,14844.0,4,24.537,3189.81
1829,14847.0,1,23.799999999999997,309.4
1830,14849.0,25,20.439536082474227,7930.54
1831,14850.0,1,15.511904761904763,325.75
1832,14851.0,2,18.2625,511.35
1833,14852.0,6,19.83699300699301,2836.69
1834,14853.0,2,52.86666666666667,475.8
1835,14854.0,7,21.730944881889762,2759.83
1836,14855.0,2,32.2825,645.65
1837,14856.0,3,19.869393939393937,1311.3799999999999
1838,14857.0,2,19.552,1173.12
1839,14859.0,4,23.340344827586208,1353.74
1840,14860.0,1,15.483636363636363,170.32
1841,14861.0,1,20.965,125.79
1842,14862.0,2,17.525,841.1999999999999
1843,14863.0,1,24.25090909090909,266.76
1844,14865.0,2,13.05,52.2
1845,14866.0,12,145.35252525252525,14389.9
1846,14867.0,3,19.73,710.28
1847,14868.0,8,20.511041666666667,2953.59
1848,14869.0,2,10.221126760563381,725.7
1849,14870.0,1,25.173076923076923,327.25
1850,14871.0,4,5.330408163265306,522.38
1851,14873.0,1,18.56,519.68
1852,14875.0,2,31.17702127659575,1465.3200000000002
1853,14878.0,9,11.980161290322581,1485.54
1854,14880.0,3,15.025319148936171,706.19
1855,14881.0,1,15.023529411764706,255.4
1856,14882.0,2,53.60909090909092,589.7
1857,14883.0,6,14.369622641509434,761.59
1858,14885.0,1,51.02133333333333,765.3199999999999
1859,14886.0,1,20.266666666666666,364.8
1860,14887.0,1,310.3333333333333,1862.0
1861,14888.0,1,18.46,369.2
1862,14889.0,1,13.59,135.9
1863,14890.0,1,17.95,125.65
1864,14891.0,2,16.79939393939394,554.38
1865,14893.0,2,16.956849315068496,1237.8500000000001
1866,14894.0,1,28.51086956521739,655.75
1867,14895.0,20,22.366887550200804,11138.710000000001
1868,14896.0,2,10.901627906976746,468.77000000000004
1869,14897.0,4,24.84327272727273,1366.38
1870,14898.0,6,11.237241379310344,1303.52
1871,14901.0,9,14.805104166666666,1421.29
1872,14902.0,1,16.633000000000003,332.66
1873,14903.0,5,7.917267605633803,2810.63
1874,14904.0,2,14.86144927536232,1025.44
1875,14905.0,2,36.24411764705882,616.15
1876,14907.0,7,21.21878787878788,3501.1
1877,14908.0,1,30.866666666666667,277.8
1878,14910.0,4,14.478333333333333,434.35
1879,14911.0,201,25.343622907488985,143825.06
1880,14912.0,2,32.14259259259259,867.85
1881,14913.0,4,14.108390804597702,1227.43
1882,14915.0,2,25.623333333333335,307.48
1883,14916.0,4,16.48025974025974,1268.98
1884,14918.0,2,35.781111111111116,1610.15
1885,14920.0,2,17.153859649122808,977.77
1886,14921.0,2,16.872692307692308,1316.07
1887,14923.0,1,17.025000000000002,749.1
1888,14924.0,1,31.005000000000003,310.05
1889,14929.0,1,20.35272727272727,223.88
1890,14930.0,3,18.53796875,2372.86
1891,14931.0,5,30.675121951219513,1257.68
1892,14932.0,1,21.384117647058822,363.53
1893,14934.0,2,21.734942528735633,1890.94
1894,14935.0,1,178.471,1784.71
1895,14936.0,8,22.35445054945055,8137.02
1896,14937.0,3,47.70235294117647,1621.88
1897,14944.0,12,34.707352941176474,5900.25
1898,14946.0,1,33.63333333333333,100.9
1899,14947.0,2,20.77285714285714,290.82
1900,14948.0,6,17.491587301587302,1101.97
1901,14950.0,1,19.53684210526316,371.2
1902,14951.0,1,15.5845,311.69
1903,14952.0,11,58.69195652173913,8099.49
1904,14953.0,1,5.269454545454545,289.82
1905,14954.0,1,3.9549411764705886,336.17
1906,14957.0,1,4.8741666666666665,58.49
1907,14958.0,3,11.897142857142857,499.68
1908,14959.0,4,11.786779661016949,695.42
1909,14960.0,2,8.195185185185185,221.27
1910,14961.0,9,22.579102564102566,7044.68
1911,14962.0,1,25.34,126.7
1912,14963.0,5,7.514141414141414,1487.8
1913,14964.0,1,15.862307692307693,206.21
1914,14965.0,2,7.216867469879518,599.0
1915,14966.0,1,5.034736842105263,191.32
1916,14967.0,1,77.3,463.8
1917,14968.0,1,3.988918918918919,147.59
1918,14970.0,4,46.825294117647054,1592.06
1919,14971.0,3,6.9785625,1116.57
1920,14972.0,1,6.376111111111111,114.77
1921,14973.0,3,41.0765625,1314.45
1922,14974.0,1,5.4471428571428575,114.39
1923,14975.0,1,25.44909090909091,279.94
1924,14976.0,7,10.984166666666667,790.86
1925,14978.0,5,8.941759259259259,1931.42
1926,14981.0,1,12.765,102.12
1927,14984.0,2,5.201707317073171,213.27
1928,14985.0,2,3.410919540229885,296.75
1929,14987.0,2,81.6,326.4
1930,14988.0,1,8.3635,334.54
1931,14995.0,2,3.82344262295082,233.23000000000002
1932,14997.0,3,21.007692307692306,546.1999999999999
1933,14998.0,2,5.7316,429.87
1934,15000.0,1,6.37038961038961,490.52
1935,15002.0,4,14.276173913043479,1641.76
1936,15004.0,1,7.888101265822784,1246.32
1937,15005.0,28,5.6448346738159065,6316.57
1938,15006.0,1,3.486736111111111,502.09
1939,15007.0,1,13.075833333333334,156.91
1940,15009.0,3,6.932857142857142,1261.78
1941,15010.0,1,15.447,308.94
1942,15012.0,2,3.305,423.04
1943,15014.0,2,7.433428571428572,260.17
1944,15016.0,1,8.501999999999999,170.04
1945,15017.0,1,6.279,125.58
1946,15018.0,3,16.006774193548388,496.21000000000004
1947,15019.0,1,3.8,266.0
1948,15021.0,9,4.056822033898305,1914.82
1949,15022.0,4,6.704,905.04
1950,15023.0,11,12.104555160142349,6802.76
1951,15024.0,10,10.718258064516128,1661.33
1952,15025.0,1,5.23625,377.01
1953,15026.0,3,7.688524590163935,469.0
1954,15027.0,4,30.461428571428566,1066.1499999999999
1955,15028.0,4,13.065208333333333,627.13
1956,15030.0,2,74.03999999999999,518.28
1957,15031.0,4,6.019279279279279,668.14
1958,15032.0,3,95.3673076923077,4959.1
1959,15033.0,10,5.071901960784314,2586.67
1960,15034.0,8,10.935558375634518,4308.61
1961,15035.0,1,9.36037037037037,252.73000000000002
1962,15036.0,3,3.665748031496063,465.55
1963,15038.0,6,5.426846153846154,705.49
1964,15039.0,47,13.25861517976032,19914.44
1965,15041.0,1,2.6917910447761195,180.35
1966,15042.0,1,27.186,135.93
1967,15043.0,1,179.0,537.0
1968,15044.0,17,16.998300220750554,7700.2300000000005
1969,15045.0,2,61.305,735.66
1970,15046.0,15,25.309563106796116,5213.7699999999995
1971,15047.0,1,15.61909090909091,343.62
1972,15048.0,4,3.959278350515464,384.05
1973,15049.0,1,40.39000000000001,121.17000000000002
1974,15050.0,3,22.84730769230769,1782.09
1975,15051.0,3,9.731538461538461,1391.61
1976,15052.0,1,7.192666666666667,215.78
1977,15053.0,3,9.828028169014084,697.79
1978,15054.0,2,2.6500000000000004,302.1
1979,15057.0,2,59.58,1489.5
1980,15058.0,11,7.699239130434783,2124.9900000000002
1981,15059.0,9,5.644388185654009,1337.72
1982,15060.0,4,2.504876033057851,303.09
1983,15061.0,48,135.32044665012407,54534.14
1984,15062.0,4,17.330877192982456,987.86
1985,15063.0,1,74.16,370.79999999999995
1986,15065.0,4,20.37503225806452,3158.13
1987,15066.0,1,21.275952380952383,893.59
1988,15067.0,3,21.277560975609756,1744.76
1989,15068.0,2,5.320769230769231,553.36
1990,15069.0,1,15.850428571428571,1109.53
1991,15070.0,1,106.2,106.2
1992,15071.0,2,37.77192307692308,982.07
1993,15073.0,3,19.322407407407407,1043.41
1994,15074.0,1,17.830238095238094,748.87
1995,15075.0,1,28.63074074074074,773.03
1996,15076.0,1,17.976530612244897,880.85
1997,15078.0,32,22.14343181818182,9743.11
1998,15079.0,4,19.055531914893617,895.61
1999,15081.0,5,15.296969696969697,504.8
2000,15083.0,1,17.64,88.2
2001,15087.0,1,20.462666666666667,306.94
2002,15088.0,2,20.352105263157895,1160.07
2003,15089.0,6,16.69544827586207,2420.84
2004,15090.0,1,16.57913043478261,381.32
2005,15091.0,1,16.023666666666667,480.71
2006,15092.0,2,17.608076923076922,457.81
2007,15093.0,6,42.565000000000005,4597.02
2008,15095.0,4,29.161702127659574,1370.6
2009,15096.0,1,19.944545454545455,219.39000000000001
2010,15097.0,1,9.923200000000001,248.08
2011,15098.0,3,13305.5,39916.5
2012,15099.0,1,17.84695652173913,410.48
2013,15100.0,3,292.0,876.0
2014,15101.0,2,39.69125,317.53
2015,15103.0,2,20.096,703.36
2016,15104.0,2,14.890434782608697,1027.44
2017,15105.0,7,22.76168316831683,2298.93
2018,15106.0,5,14.2252,1422.52
2019,15107.0,6,19.96875,319.5
2020,15108.0,4,21.670833333333334,1300.25
2021,15109.0,1,17.319642857142856,484.95
2022,15110.0,4,28.46,996.1
2023,15111.0,3,18.660476190476192,1567.48
2024,15113.0,3,36.0933,3609.33
2025,15114.0,10,14.012994923857867,2760.56
2026,15115.0,1,16.195714285714285,340.11
2027,15116.0,4,30.06111111111111,1352.75
2028,15117.0,5,19.64278481012658,1551.78
2029,15118.0,1,244.8,244.8
2030,15119.0,1,19.02857142857143,266.4
2031,15120.0,1,17.086666666666666,358.82
2032,15121.0,2,16.34714285714286,457.72
2033,15122.0,3,19.924146341463413,1633.78
2034,15123.0,2,20.748207547169812,2199.31
2035,15124.0,2,12.279333333333334,184.19
2036,15125.0,15,90.77543307086614,11528.48
2037,15127.0,1,25.408125,406.53
2038,15128.0,4,14.42156862745098,1471.0
2039,15129.0,11,41.04047619047619,3447.4
2040,15130.0,1,15.005,330.11
2041,15132.0,5,18.806346153846157,977.9300000000001
2042,15133.0,3,33.87655172413793,982.42
2043,15134.0,8,19.013561643835615,1387.99
2044,15135.0,1,15.450000000000001,139.05
2045,15136.0,4,18.92205882352941,1286.7
2046,15139.0,2,13.766153846153847,178.96
2047,15140.0,7,29.428125,2354.25
2048,15142.0,1,19.182307692307692,498.74
2049,15143.0,1,18.532142857142855,259.45
2050,15144.0,17,30.324608294930872,6580.44
2051,15145.0,4,17.83179104477612,1194.73
2052,15146.0,2,14.584175824175825,1327.16
2053,15147.0,1,22.267857142857142,623.5
2054,15148.0,1,15.0645,301.29
2055,15149.0,1,22.643478260869568,520.8000000000001
2056,15150.0,10,15.494081632653062,5314.47
2057,15152.0,13,17.511771217712177,4745.69
2058,15153.0,1,14.965909090909092,329.25
2059,15154.0,1,3.487294117647059,296.42
2060,15156.0,3,17.481636363636365,961.49
2061,15157.0,3,15.48856,1936.07
2062,15158.0,1,57.34285714285715,401.40000000000003
2063,15159.0,30,26.254943661971833,18641.010000000002
2064,15160.0,1,39.54,158.16
2065,15163.0,2,10.49896551724138,304.47
2066,15164.0,3,8.18495145631068,843.05
2067,15165.0,1,18.064814814814813,487.75
2068,15167.0,1,3.975609756097561,163.0
2069,15168.0,1,21.312,106.56
2070,15171.0,1,257.9,1289.5
2071,15172.0,5,14.764090909090909,1624.05
2072,15174.0,1,12.340909090909092,135.75
2073,15175.0,1,9.745217391304347,224.14
2074,15178.0,1,13.5,40.5
2075,15179.0,5,23.73064516129032,2206.95
2076,15180.0,1,14.583333333333334,87.5
2077,15181.0,3,43.092499999999994,689.4799999999999
2078,15182.0,2,21.477586206896554,622.85
2079,15184.0,2,6.456507936507936,406.76
2080,15185.0,1,14.791428571428572,310.62
2081,15186.0,2,21.653157894736843,411.41
2082,15187.0,16,52.49648351648352,4777.18
2083,15189.0,41,76.53485849056604,16225.39
2084,15192.0,3,20.47686274509804,1044.32
2085,15193.0,1,26.28,499.32
2086,15194.0,15,24.569451612903226,7616.53
2087,15195.0,1,3861.0,3861.0
2088,15197.0,3,33.737812500000004,1079.6100000000001
2089,15198.0,2,19.363999999999997,193.64
2090,15199.0,4,97.5923076923077,1268.7
2091,15201.0,5,17.92086956521739,1236.54
2092,15203.0,6,12.871830985915492,1827.8
2093,15204.0,1,35.175555555555555,316.58
2094,15205.0,2,17.655135135135136,653.24
2095,15206.0,4,46.699999999999996,420.29999999999995
2096,15208.0,5,20.717142857142857,870.12
2097,15210.0,1,16.559,331.18
2098,15211.0,2,17.20019230769231,894.4100000000001
2099,15212.0,1,20.36,101.8
2100,15213.0,2,13.68125,328.35
2101,15214.0,8,15.104000000000001,1661.44
2102,15215.0,3,20.998285714285714,734.94
2103,15216.0,1,48.3,96.6
2104,15218.0,11,34.680060240963854,5756.89
2105,15219.0,1,33.97222222222222,305.75
2106,15220.0,6,15.204786324786324,1778.96
2107,15221.0,1,80.65,403.25
2108,15222.0,1,117.0,585.0
2109,15223.0,2,37.7875,755.75
2110,15224.0,2,23.005714285714284,322.08
2111,15225.0,1,17.8,409.40000000000003
2112,15226.0,1,19.30125,154.41
2113,15227.0,5,21.024137931034485,1219.4
2114,15228.0,4,27.09368,3386.71
2115,15230.0,2,18.678260869565218,429.6
2116,15232.0,2,19.743870967741934,612.06
2117,15234.0,1,14.071428571428571,197.0
2118,15235.0,12,15.716853146853149,2247.51
2119,15236.0,1,21.403333333333332,321.05
2120,15237.0,4,14.265858585858584,1412.32
2121,15238.0,3,21.4398,1071.99
2122,15239.0,2,15.930408163265307,780.59
2123,15240.0,5,21.879102564102563,1706.57
2124,15241.0,8,15.967636363636364,1756.44
2125,15243.0,1,14.394545454545455,316.68
2126,15244.0,2,18.57558823529412,631.57
2127,15245.0,3,28.267865168539327,2515.84
2128,15246.0,2,15.58030303030303,514.15
2129,15247.0,1,59.333333333333336,356.0
2130,15249.0,13,19.109885714285713,6688.46
2131,15251.0,11,94.45936936936937,10484.99
2132,15252.0,2,16.83590909090909,740.78
2133,15253.0,5,17.32452830188679,918.1999999999999
2134,15254.0,1,16.686666666666667,300.36
2135,15255.0,1,18.95425531914894,890.85
2136,15256.0,1,16.408333333333335,98.45
2137,15257.0,1,45.30714285714286,317.15
2138,15258.0,2,18.328235294117647,623.16
2139,15260.0,7,23.516493506493507,1810.77
2140,15261.0,1,13.41157894736842,254.82
2141,15262.0,1,17.895000000000003,178.95000000000002
2142,15263.0,1,13.042499999999999,156.51
2143,15264.0,1,17.11913043478261,393.74
2144,15265.0,2,18.36731707317073,1506.1200000000001
2145,15266.0,1,19.883333333333333,119.3
2146,15267.0,5,156.12363636363636,1717.36
2147,15269.0,1,204.4,408.8
2148,15270.0,7,58.03634146341463,2379.49
2149,15271.0,15,9.149890510948905,2507.07
2150,15272.0,2,11.45936507936508,721.94
2151,15274.0,2,15.246170212765959,716.57
2152,15275.0,1,15.003414634146342,615.14
2153,15276.0,1,2.602115384615385,135.31
2154,15277.0,1,21.325,255.89999999999998
2155,15279.0,1,15.29,290.51
2156,15280.0,1,7.07,113.12
2157,15281.0,9,16.778057553956835,2332.15
2158,15286.0,1,80.18333333333334,240.55
2159,15287.0,2,24.3345,486.69
2160,15288.0,5,26.210454545454546,2306.52
2161,15289.0,3,16.20310344827586,939.78
2162,15290.0,18,38.93735294117647,7943.22
2163,15291.0,15,45.32330097087379,4668.3
2164,15292.0,1,7.2376,180.94
2165,15296.0,6,18.932268041237116,3672.86
2166,15297.0,3,16.46,641.94
2167,15298.0,12,24.999479166666664,4799.9
2168,15299.0,7,643.8585714285715,4507.01
2169,15300.0,1,17.73,496.44
2170,15301.0,12,20.865637860082305,5070.35
2171,15303.0,1,18.516774193548386,574.02
2172,15304.0,8,30.19130434782609,694.4000000000001
2173,15306.0,3,20.247413793103448,1174.35
2174,15307.0,1,17.108333333333334,205.3
2175,15308.0,1,16.340526315789475,310.47
2176,15311.0,91,25.543463640184953,60767.9
2177,15312.0,4,19.677659574468084,924.85
2178,15313.0,1,52.0,52.0
2179,15314.0,1,13.665416666666667,327.97
2180,15315.0,2,15.41891891891892,570.5
2181,15316.0,1,165.0,165.0
2182,15318.0,1,9.473333333333333,312.62
2183,15319.0,1,12.78125,204.5
2184,15320.0,1,7.420277777777778,267.13
2185,15321.0,3,28.92957894736842,2748.31
2186,15322.0,1,16.18285714285714,679.68
2187,15325.0,1,3.3120408163265305,162.29
2188,15326.0,1,10.748620689655171,311.71
2189,15327.0,1,20.875,208.75
2190,15329.0,3,18.41578947368421,1049.7
2191,15330.0,2,54.99692307692308,714.96
2192,15332.0,4,47.45885714285714,1661.06
2193,15333.0,1,64.285,1028.56
2194,15334.0,3,3.5522222222222224,351.67
2195,15335.0,1,4.8325,173.97
2196,15339.0,2,6.675232558139536,574.07
2197,15341.0,1,118.85411764705883,2020.52
2198,15342.0,1,16.920416666666664,406.09
2199,15343.0,1,17.357142857142858,364.5
2200,15344.0,3,21.69,563.94
2201,15345.0,1,19.677,393.54
2202,15346.0,1,14.848235294117648,252.42000000000002
2203,15347.0,1,40.32000000000001,201.60000000000002
2204,15348.0,1,17.56,158.04
2205,15349.0,2,6.580694444444444,473.81
2206,15350.0,1,23.130000000000003,115.65
2207,15351.0,7,8.7116,1960.1100000000001
2208,15353.0,2,12.333650793650794,777.02
2209,15355.0,2,19.789285714285715,277.05
2210,15356.0,10,5.330443159922929,2766.5
2211,15358.0,22,15.149183303085302,8347.2
2212,15360.0,1,32.917692307692306,427.93
2213,15361.0,1,59.84571428571429,418.92
2214,15363.0,1,20.375,326.0
2215,15364.0,2,31.489310344827587,913.19
2216,15365.0,7,20.301052631578948,2314.32
2217,15366.0,2,13.69340909090909,602.51
2218,15367.0,4,19.764105263157894,1877.59
2219,15368.0,1,111.73500000000001,446.94000000000005
2220,15370.0,7,25.383510638297874,2386.05
2221,15372.0,1,74.34814814814814,2007.3999999999999
2222,15373.0,12,18.302348484848483,2415.91
2223,15374.0,1,56.0,168.0
2224,15376.0,3,10.541538461538462,1233.3600000000001
2225,15379.0,7,19.089123711340207,3703.29
2226,15380.0,5,46.951666666666675,1690.2600000000002
2227,15381.0,2,74.60625,596.85
2228,15382.0,6,19.7208940397351,5955.71
2229,15384.0,2,15.668536585365853,642.41
2230,15385.0,1,26.406666666666666,316.88
2231,15386.0,1,12.714193548387096,394.14
2232,15388.0,1,14.053999999999998,140.54
2233,15389.0,1,500.0,500.0
2234,15392.0,4,18.280119047619046,1535.53
2235,15393.0,2,19.32166666666667,231.86
2236,15394.0,4,25.68870588235294,2183.54
2237,15395.0,1,15.35,107.45
2238,15396.0,1,20.584285714285716,288.18
2239,15397.0,1,15.666666666666666,94.0
2240,15398.0,2,18.43191780821918,1345.53
2241,15399.0,3,16.3154,815.77
2242,15400.0,5,59.68333333333334,716.2
2243,15402.0,2,14.923095238095238,626.77
2244,15405.0,1,43.6375,349.1
2245,15406.0,2,9.636037735849058,510.71000000000004
2246,15407.0,4,6.90483660130719,1056.44
2247,15408.0,1,7.858235294117647,267.18
2248,15410.0,8,28.285573770491805,3450.84
2249,15411.0,4,13.726060606060607,1358.88
2250,15412.0,1,19.053,190.53
2251,15414.0,3,19.86923076923077,774.9000000000001
2252,15415.0,1,11.933541666666668,572.8100000000001
2253,15416.0,4,20.75166666666667,3984.32
2254,15417.0,1,18.17142857142857,508.8
2255,15419.0,1,16.9825,135.86
2256,15421.0,4,17.93132075471698,950.36
2257,15422.0,2,16.283333333333335,97.7
2258,15423.0,1,21.75,43.5
2259,15424.0,2,22.54941176470588,383.34
2260,15426.0,5,4.956815068493151,1447.39
2261,15427.0,3,4.84686274509804,1483.14
2262,15428.0,1,15.63,93.78
2263,15429.0,2,4.845731707317073,397.35
2264,15432.0,1,17.119,171.19
2265,15433.0,2,13.00731707317073,533.3
2266,15434.0,5,18.936,1041.48
2267,15435.0,1,5.147931034482759,149.29
2268,15436.0,3,3.4119452887537993,1122.53
2269,15437.0,1,4.4479999999999995,200.16
2270,15438.0,1,6.263199999999999,156.57999999999998
2271,15440.0,3,6.188387096774194,383.68
2272,15442.0,1,297.0,594.0
2273,15443.0,7,8.473586387434555,3236.91
2274,15444.0,2,6.476073059360731,1418.26
2275,15445.0,1,22.7,113.5
2276,15447.0,1,17.24111111111111,155.17
2277,15448.0,1,17.665714285714284,494.64
2278,15449.0,3,16.242,974.52
2279,15450.0,1,14.328,429.84
2280,15452.0,3,9.28844827586207,538.73
2281,15453.0,7,4.854440559440559,1388.37
2282,15454.0,1,7.164,179.1
2283,15456.0,3,7.453666666666667,447.22
2284,15457.0,1,4.087413793103448,237.07
2285,15458.0,1,23.09142857142857,161.64
2286,15460.0,1,3.7372413793103445,216.76
2287,15462.0,3,21.327272727272728,234.6
2288,15463.0,1,18.02,126.14
2289,15464.0,1,6.680573248407643,1048.85
2290,15465.0,18,75.82082474226804,7354.62
2291,15466.0,1,5.868947368421052,334.53
2292,15467.0,3,10.093846153846155,524.88
2293,15468.0,2,19.479583333333334,467.51
2294,15469.0,2,22.43958333333333,538.55
2295,15471.0,1,6.097142857142857,469.48
2296,15472.0,1,4.888947368421053,371.56
2297,15473.0,7,161.01818181818183,1771.2
2298,15475.0,1,15.658965517241377,454.10999999999996
2299,15478.0,2,31.33521739130435,1441.42
2300,15480.0,1,20.122222222222224,905.5
2301,15482.0,12,112.80571428571427,11054.96
2302,15483.0,4,2.656931818181818,233.81
2303,15484.0,4,19.118670212765956,3594.31
2304,15485.0,3,29.941860465116278,2575.0
2305,15488.0,1,45.660000000000004,91.32000000000001
2306,15489.0,3,22.6856,1134.28
2307,15491.0,6,20.130454545454548,3100.09
2308,15492.0,2,18.841714285714282,659.4599999999999
2309,15493.0,5,6.74006734006734,2001.8
2310,15494.0,2,10.39384,1299.23
2311,15497.0,2,84.14666666666668,1262.2
2312,15498.0,27,26.00859375,13316.4
2313,15500.0,4,16.640588235294118,1131.56
2314,15502.0,12,48.75553990610329,10384.93
2315,15503.0,1,2.1012857142857144,147.09
2316,15504.0,1,4.063846153846153,52.83
2317,15505.0,5,37.22639175257732,3610.96
2318,15506.0,3,5.971097560975609,979.26
2319,15507.0,1,10.703478260869565,492.36
2320,15508.0,6,10.8725,1000.27
2321,15510.0,1,250.0,250.0
2322,15511.0,5,5.6826875,909.23
2323,15512.0,2,17.285714285714285,121.0
2324,15513.0,19,47.91629870129871,14758.220000000001
2325,15514.0,11,23.255393258426967,4139.46
2326,15516.0,3,4.162,62.43
2327,15517.0,1,9.889999999999999,267.03
2328,15518.0,8,9.076869158878505,1942.45
2329,15520.0,1,19.083333333333332,343.5
2330,15521.0,8,16.217297297297296,3000.2
2331,15522.0,2,6.99719298245614,398.84
2332,15523.0,1,41.20100000000001,412.01000000000005
2333,15524.0,1,440.0,440.0
2334,15525.0,3,4.64,825.92
2335,15526.0,2,37.11,148.44
2336,15527.0,8,14.906625766871167,2429.78
2337,15528.0,1,8.820384615384615,229.33
2338,15529.0,11,5.945282738095238,3995.23
2339,15530.0,4,13.910648148148148,1502.35
2340,15531.0,2,8.804561403508773,2007.44
2341,15532.0,4,6.1755078125,1580.93
2342,15533.0,3,9.729759036144578,807.57
2343,15535.0,4,7.152,536.4
2344,15537.0,1,4.621666666666667,110.92
2345,15539.0,1,13.133170731707319,538.46
2346,15540.0,1,14.22,213.3
2347,15541.0,1,2.9355172413793107,85.13000000000001
2348,15543.0,1,4.566428571428571,127.86
2349,15544.0,9,13.693861003861004,3546.71
2350,15545.0,2,3.613827160493827,292.71999999999997
2351,15547.0,14,7.058176638176638,4954.84
2352,15549.0,3,14.724,1693.26
2353,15550.0,4,9.43655737704918,575.63
2354,15551.0,1,15.036551724137931,436.06
2355,15552.0,1,5.301176470588236,90.12
2356,15553.0,1,7.807678571428572,437.23
2357,15554.0,1,15.514285714285714,217.2
2358,15555.0,16,5.345016685205784,4805.17
2359,15556.0,1,9.024838709677418,279.77
2360,15557.0,1,23.6825,473.65000000000003
2361,15561.0,4,29.651481481481483,800.59
2362,15562.0,1,134.55,134.55
2363,15563.0,4,12.393274336283186,1400.44
2364,15565.0,2,21.645,173.16
2365,15567.0,1,26.572857142857142,186.01
2366,15568.0,3,14.307358490566036,758.29
2367,15569.0,5,44.377741935483876,1375.71
2368,15570.0,12,12.896346749226007,4165.52
2369,15571.0,4,11.411052631578949,650.4300000000001
2370,15572.0,7,11.873767441860466,2552.86
2371,15573.0,2,5.840865384615385,607.45
2372,15574.0,4,4.180059523809524,702.25
2373,15576.0,1,20.90377777777778,940.6700000000001
2374,15577.0,3,6.637948717948718,258.88
2375,15578.0,1,9.776923076923076,127.1
2376,15579.0,2,6.835294117647059,348.6
2377,15581.0,13,24.69778523489933,3679.9700000000003
2378,15582.0,3,15.52068181818182,682.9100000000001
2379,15584.0,4,5.895203252032521,725.11
2380,15585.0,1,14.687096774193549,455.3
2381,15587.0,4,101.52000000000001,913.6800000000001
2382,15589.0,3,16.501034482758623,478.53000000000003
2383,15592.0,1,16.190833333333334,388.58
2384,15593.0,1,39.96,199.8
2385,15594.0,5,17.201747572815535,1771.78
2386,15596.0,5,18.267402597402597,1406.59
2387,15597.0,1,14.753181818181817,324.57
2388,15598.0,1,17.19142857142857,240.68
2389,15599.0,2,14.648846153846154,761.74
2390,15601.0,14,16.52819512195122,6776.56
2391,15602.0,9,28.214565217391307,1297.8700000000001
2392,15603.0,1,24.240000000000002,48.480000000000004
2393,15604.0,1,12.728823529411764,216.39
2394,15605.0,5,17.88402985074627,1198.23
2395,15606.0,9,37.92415584415584,2920.16
2396,15607.0,1,8.05846153846154,104.76
2397,15608.0,4,18.228,1093.68
2398,15609.0,1,18.655,298.48
2399,15610.0,1,18.743333333333336,112.46000000000001
2400,15611.0,13,37.01046511627907,1591.45
2401,15612.0,2,32.525,195.15
2402,15615.0,23,24.585673758865248,10399.74
2403,15618.0,4,17.263355555555556,776.851
2404,15619.0,1,112.13333333333334,336.40000000000003
2405,15620.0,3,15.5318,1553.18
2406,15621.0,4,80.814375,1293.03
2407,15622.0,9,20.051675675675675,3709.56
2408,15623.0,1,15.843684210526314,301.03
2409,15624.0,4,17.297941176470587,588.13
2410,15625.0,4,23.9728125,1534.26
2411,15626.0,2,13.791836734693877,675.8
2412,15628.0,9,18.51767741935484,2870.2400000000002
2413,15630.0,2,19.772499999999997,1186.35
2414,15632.0,8,19.67251497005988,3285.31
2415,15634.0,1,16.236666666666668,243.55
2416,15636.0,2,28.9904,724.76
2417,15637.0,1,14.890666666666668,223.36
2418,15639.0,1,17.0128,425.32
2419,15640.0,15,25.858801652892563,12515.66
2420,15641.0,4,15.858823529411765,1887.2
2421,15643.0,3,20.12121212121212,664.0
2422,15644.0,4,3.4159663865546217,813.0
2423,15645.0,1,11.769423076923077,612.01
2424,15646.0,3,12.789714285714288,447.64000000000004
2425,15648.0,2,26.294,657.35
2426,15649.0,2,408.0,816.0
2427,15651.0,3,20.196875,646.3
2428,15652.0,1,16.082857142857144,337.74
2429,15653.0,2,146.23999999999998,877.4399999999999
2430,15654.0,2,43.93,922.53
2431,15655.0,1,16.490294117647057,560.67
2432,15656.0,4,15.925531914893616,748.5
2433,15657.0,1,30.0,30.0
2434,15658.0,5,21.33541666666667,1024.1000000000001
2435,15659.0,1,27.85909090909091,306.45
2436,15660.0,9,17.787333333333333,1600.86
2437,15661.0,2,61.96,309.8
2438,15663.0,1,15.348888888888887,138.14
2439,15664.0,1,22.731176470588235,386.43
2440,15665.0,2,19.327672413793106,2242.01
2441,15667.0,1,23.178461538461537,301.32
2442,15668.0,1,76.32000000000001,76.32000000000001
2443,15669.0,4,20.737575757575758,684.34
2444,15670.0,1,14.420833333333334,173.05
2445,15671.0,7,34.065769230769234,2657.13
2446,15673.0,4,18.587225806451613,2881.02
2447,15674.0,5,21.46140350877193,2446.6
2448,15675.0,3,15.413809523809524,323.69
2449,15676.0,3,17.00871287128713,3435.76
2450,15677.0,1,19.916060606060608,657.23
2451,15678.0,1,29.391666666666666,352.7
2452,15679.0,4,7.102545454545455,781.28
2453,15680.0,3,17.09846153846154,1333.68
2454,15681.0,5,26.90867924528302,1426.16
2455,15683.0,1,19.375,193.75
2456,15687.0,9,18.030722891566263,2993.1
2457,15689.0,2,28.233333333333334,254.1
2458,15690.0,2,12.618947368421052,239.76
2459,15691.0,1,68.4,136.8
2460,15692.0,1,15.92,191.04
2461,15694.0,14,83.06923076923077,6479.4
2462,15695.0,2,18.635454545454547,409.98
2463,15696.0,8,16.002690058479534,2736.46
2464,15699.0,1,17.202777777777776,309.65
2465,15700.0,2,8.10093023255814,696.68
2466,15701.0,4,6.506919831223629,1542.14
2467,15703.0,1,42.3,211.5
2468,15704.0,4,19.603589743589744,2293.62
2469,15705.0,1,23.849999999999998,143.1
2470,15706.0,4,19.28290909090909,1060.56
2471,15707.0,4,4.418598130841121,945.58
2472,15708.0,7,11.68138888888889,3364.2400000000002
2473,15709.0,1,22.208333333333332,133.25
2474,15712.0,5,20.233207547169815,1072.3600000000001
2475,15713.0,2,18.773684210526316,356.7
2476,15714.0,2,9.453714285714286,330.88
2477,15716.0,4,9.481440677966102,1118.81
2478,15717.0,1,21.47142857142857,150.3
2479,15719.0,13,5.384855923159018,5045.61
2480,15720.0,1,4.677578125,598.73
2481,15721.0,1,5.572307692307692,507.08
2482,15722.0,5,32.21101449275362,2222.56
2483,15723.0,1,4.953658536585365,203.1
2484,15724.0,2,19.84090909090909,218.25
2485,15725.0,1,12.9765625,415.25
2486,15727.0,7,17.14887417218543,5178.96
2487,15729.0,1,17.0,85.0
2488,15730.0,3,16.01257142857143,1120.88
2489,15732.0,2,21.00857142857143,294.12
2490,15733.0,1,16.23,162.3
2491,15734.0,2,51.517307692307696,1339.45
2492,15737.0,8,16.73777777777778,1205.1200000000001
2493,15738.0,16,27.817456647398846,4812.42
2494,15739.0,1,56.14,449.12
2495,15740.0,1,17.20888888888889,154.88
2496,15743.0,4,8.914318181818182,784.46
2497,15744.0,1,11.6,34.8
2498,15745.0,4,17.654677419354837,1094.59
2499,15746.0,1,7.031428571428571,196.88
2500,15747.0,3,10.473548387096773,974.04
2501,15748.0,1,7.11,149.31
2502,15749.0,3,4453.43,44534.3
2503,15750.0,8,8.414607508532423,2465.48
2504,15752.0,7,6.41698296836983,2637.38
2505,15753.0,1,79.2,79.2
2506,15754.0,3,16.3775,458.57
2507,15755.0,6,16.7677304964539,2364.25
2508,15756.0,4,2.7758333333333334,532.96
2509,15757.0,2,15.876,714.42
2510,15758.0,1,22.805555555555557,205.25
2511,15759.0,3,36.14857142857143,253.04
2512,15762.0,2,15.777027027027026,583.75
2513,15763.0,2,17.818360655737706,1086.92
2514,15764.0,6,18.222055555555553,3279.97
2515,15766.0,1,28.64181818181818,315.06
2516,15768.0,3,23.03074074074074,621.8299999999999
2517,15769.0,26,432.7132307692308,56252.72
2518,15773.0,1,63.568000000000005,635.6800000000001
2519,15774.0,1,10.832,270.8
2520,15775.0,1,14.985714285714286,104.9
2521,15776.0,1,13.423333333333334,241.62
2522,15777.0,4,49.862380952380946,1047.11
2523,15780.0,3,16.38896551724138,475.28000000000003
2524,15781.0,3,17.273,345.46
2525,15782.0,3,60.80790697674419,2614.7400000000002
2526,15783.0,1,17.592857142857145,246.3
2527,15785.0,5,28.059879518072293,2328.9700000000003
2528,15786.0,3,18.47265917602996,4932.2
2529,15787.0,3,4.602184466019417,948.05
2530,15789.0,1,14.052,351.3
2531,15790.0,1,6.31,220.85
2532,15791.0,2,21.502533333333336,1612.69
2533,15793.0,3,80.4675,965.61
2534,15795.0,1,14.524047619047618,610.01
2535,15796.0,8,20.38766917293233,2711.56
2536,15797.0,4,275.925,2207.4
2537,15799.0,3,9.021836734693878,884.14
2538,15800.0,2,5.874621848739496,699.08
2539,15801.0,3,16.62421875,1063.95
2540,15802.0,1,451.42,451.42
2541,15803.0,1,51.977500000000006,415.82000000000005
2542,15804.0,13,16.05492366412214,4206.39
2543,15805.0,17,18.367043189368772,5528.4800000000005
2544,15806.0,3,25.309032258064516,784.58
2545,15807.0,3,18.83125,903.9
2546,15808.0,4,17.95658653846154,3734.9700000000003
2547,15809.0,5,14.736285714285714,515.77
2548,15810.0,4,15.640224719101123,1391.98
2549,15811.0,6,16.681353383458646,2218.62
2550,15812.0,5,43.930243902439024,1801.14
2551,15813.0,2,32.59775,1303.9099999999999
2552,15814.0,4,27.018472222222222,1945.33
2553,15815.0,5,42.86938775510204,2100.6
2554,15819.0,4,15.491463414634147,1905.45
2555,15820.0,1,12.175294117647057,206.98
2556,15821.0,2,9.209032258064516,570.96
2557,15822.0,2,26.832424242424242,885.47
2558,15823.0,1,15.0,15.0
2559,15825.0,1,26.647000000000002,532.94
2560,15826.0,3,24.328088235294118,1654.31
2561,15827.0,14,15.966000000000001,1836.0900000000001
2562,15829.0,2,12.473333333333333,636.14
2563,15830.0,1,14.76923076923077,576.0
2564,15831.0,3,11.790588235294118,801.76
2565,15832.0,1,15.49611111111111,836.79
2566,15834.0,4,8.182234432234432,2233.75
2567,15835.0,4,19.0818,954.09
2568,15836.0,1,13.737,137.37
2569,15837.0,1,16.3325,391.98
2570,15838.0,19,201.45556886227547,33643.08
2571,15839.0,3,16.911129032258064,1048.49
2572,15840.0,2,13.168888888888889,355.56
2573,15841.0,4,26.043829787234042,1224.06
2574,15843.0,1,14.868750000000002,118.95000000000002
2575,15844.0,1,11.885454545454543,130.73999999999998
2576,15845.0,8,26.896884057971015,3711.77
2577,15847.0,2,17.694090909090907,389.27
2578,15850.0,2,2.4623711340206187,238.85
2579,15852.0,2,7.305000000000001,160.71
2580,15853.0,1,3.6933333333333334,110.8
2581,15854.0,12,21.247500000000002,2974.65
2582,15855.0,5,8.903,712.24
2583,15856.0,27,25.40708527131783,16387.57
2584,15857.0,1,21.214285714285715,297.0
2585,15858.0,5,7.533246073298429,1438.85
2586,15860.0,8,6.881760563380282,977.21
2587,15861.0,8,5.797362637362638,3165.36
2588,15862.0,4,5.665850340136054,832.88
2589,15863.0,2,3.8244444444444445,68.84
2590,15864.0,6,96.816,1936.3200000000002
2591,15865.0,3,22.37825,895.13
2592,15866.0,1,5.122888888888889,230.53
2593,15867.0,15,8.270368763557483,3812.64
2594,15869.0,2,9.975999999999999,149.64
2595,15870.0,1,4.659078947368421,354.09000000000003
2596,15872.0,2,2.819765625,360.93
2597,15874.0,7,36.71566666666667,4405.88
2598,15877.0,2,3.823875968992248,493.28
2599,15880.0,1,3.2693333333333334,343.28000000000003
2600,15881.0,5,17.289310344827587,501.39000000000004
2601,15882.0,4,22.450434782608696,516.36
2602,15883.0,2,8.091428571428573,396.48
2603,15885.0,3,21.075000000000003,379.35
2604,15886.0,1,15.090833333333334,181.09
2605,15888.0,1,14.025833333333333,168.31
2606,15889.0,2,4.80505376344086,446.87
2607,15891.0,1,8.459999999999999,524.52
2608,15894.0,2,6.4280487804878055,263.55
2609,15895.0,1,16.288181818181815,179.17
2610,15897.0,2,9.252083333333333,222.05
2611,15898.0,5,16.149767441860465,1388.88
2612,15899.0,1,14.0625,56.25
2613,15900.0,1,6.884509803921569,351.11
2614,15901.0,3,3.136896551724138,363.88
2615,15903.0,7,69.28054054054054,5126.76
2616,15904.0,1,5.489333333333334,164.68
2617,15906.0,7,10.451266666666667,1567.69
2618,15907.0,3,3.8853413654618474,967.45
2619,15909.0,1,27.419999999999998,191.94
2620,15910.0,8,4.614906367041199,1232.18
2621,15912.0,2,13.927368421052632,264.62
2622,15916.0,8,9.858645161290323,1528.09
2623,15917.0,1,10.258333333333333,123.1
2624,15918.0,2,8.35575,334.23
2625,15919.0,2,4.4747552447552446,639.89
2626,15920.0,4,2.7916666666666665,167.5
2627,15921.0,1,13.441200000000002,336.03000000000003
2628,15922.0,1,33.59090909090909,369.5
2629,15923.0,1,6.051428571428572,127.08
2630,15925.0,1,17.2625,207.15
2631,15930.0,1,20.315714285714286,426.63
2632,15932.0,8,21.703217391304346,2495.87
2633,15933.0,3,14.965675675675676,1107.46
2634,15935.0,2,34.73833333333334,416.86
2635,15937.0,1,20.764285714285712,145.35
2636,15938.0,5,22.476666666666667,404.58
2637,15939.0,15,80.46065789473684,6115.01
2638,15940.0,1,35.8,35.8
2639,15942.0,1,24.102857142857143,337.44
2640,15944.0,1,54.18333333333334,325.1
2641,15945.0,1,90.5,181.0
2642,15947.0,1,58.9048275862069,1708.24
2643,15948.0,2,15.920666666666667,955.24
2644,15949.0,2,19.19578947368421,364.72
2645,15950.0,4,18.015408163265306,1765.51
2646,15951.0,2,17.273658536585366,708.22
2647,15952.0,4,8.863406593406594,806.57
2648,15953.0,8,16.932448979591836,1659.3799999999999
2649,15955.0,14,24.13256830601093,4416.26
2650,15957.0,1,10.211666666666666,428.89
2651,15958.0,1,14.907142857142857,104.35
2652,15963.0,2,16.812857142857144,470.76
2653,15965.0,4,6.931475409836065,845.64
2654,15967.0,2,4.986071428571428,418.83
2655,15969.0,3,33.305,666.1
2656,15970.0,1,28.55454545454546,314.1
2657,15971.0,12,119.9957142857143,4199.85
2658,15973.0,1,76.95500000000001,307.82000000000005
2659,15974.0,7,19.557670454545455,3442.15
2660,15975.0,1,15.45875,371.01
2661,15976.0,2,4.39734693877551,430.94
2662,15977.0,2,16.226615384615386,1054.73
2663,15978.0,1,22.42408163265306,1098.78
2664,15980.0,3,55.78744186046512,2398.86
2665,15981.0,8,35.13896907216495,3408.48
2666,15983.0,4,13.053274336283186,1475.02
2667,15984.0,10,10.50988888888889,2837.67
2668,15985.0,2,30.876216216216218,1142.42
2669,15986.0,1,12.008571428571429,168.12
2670,15987.0,7,10.366285714285715,1451.28
2671,15988.0,1,5.852962962962963,158.03
2672,15990.0,2,15.232884615384616,792.11
2673,15992.0,1,13.996666666666664,41.989999999999995
2674,15993.0,7,5.068061594202899,2797.57
2675,15994.0,1,12.202,427.07
2676,15996.0,6,8.159076923076924,1060.68
2677,15998.0,5,6.106660079051383,3089.97
2678,16000.0,3,1377.0777777777778,12393.7
2679,16003.0,5,26.556990291262135,2735.37
2680,16005.0,4,2.822889908256881,615.39
2681,16006.0,1,12.675,101.4
2682,16007.0,4,4.420623376623377,1701.94
2683,16008.0,3,14.508484848484848,478.78
2684,16009.0,4,11.030111111111111,992.71
2685,16010.0,3,4.738372093023256,407.5
2686,16011.0,16,15.86183962264151,3362.71
2687,16012.0,3,15.05627659574468,1415.29
2688,16013.0,47,267.126618705036,37130.6
2689,16014.0,3,4.5681379310344825,662.38
2690,16015.0,3,3.875769230769231,705.39
2691,16016.0,8,6.420255319148936,1508.76
2692,16017.0,1,6.62125,211.88
2693,16018.0,2,14.60357142857143,408.90000000000003
2694,16019.0,9,23.664,3786.2400000000002
2695,16020.0,3,18.500217391304346,851.01
2696,16022.0,1,8.266842105263157,628.28
2697,16023.0,3,7.126831683168317,719.81
2698,16024.0,1,3.925625,251.24
2699,16025.0,1,15.702142857142857,439.65999999999997
2700,16026.0,1,7.3778125,236.09
2701,16027.0,6,58.41375,934.62
2702,16029.0,63,334.813388429752,81024.84
2703,16030.0,1,11.422068965517242,331.24
2704,16031.0,2,5.489400000000001,548.94
2705,16033.0,20,7.754089709762533,8816.4
2706,16034.0,3,19.895454545454545,437.7
2707,16036.0,2,13.798545454545454,758.92
2708,16037.0,3,21.923589743589744,855.02
2709,16038.0,3,18.145384615384618,471.78000000000003
2710,16040.0,3,20.20846153846154,1313.55
2711,16041.0,3,527.7333333333333,3166.4
2712,16042.0,5,16.862957746478873,1197.27
2713,16043.0,4,19.845897435897434,773.99
2714,16045.0,4,16.15301204819277,1340.7
2715,16048.0,2,32.055,256.44
2716,16049.0,3,3.563429487179487,1111.79
2717,16050.0,1,13.790000000000001,137.9
2718,16052.0,1,10.648823529411764,362.06
2719,16053.0,2,17.999404761904763,1511.95
2720,16054.0,1,11.198571428571428,783.9
2721,16055.0,1,16.85,134.8
2722,16056.0,1,9.777205882352941,664.85
2723,16057.0,7,18.703471074380165,2263.12
2724,16059.0,6,8.110333333333333,1459.8600000000001
2725,16062.0,4,18.0253125,1153.62
2726,16063.0,1,14.57913043478261,335.32
2727,16065.0,1,5.028243243243243,372.09
2728,16066.0,5,14.920294117647058,1521.87
2729,16070.0,2,25.82272727272727,852.15
2730,16071.0,1,15.535238095238096,326.24
2731,16072.0,1,25.405217391304344,584.3199999999999
2732,16073.0,1,122.39999999999999,122.39999999999999
2733,16076.0,10,17.323488372093024,2234.73
2734,16078.0,1,79.2,79.2
2735,16079.0,3,64.38095238095238,1352.0
2736,16080.0,2,21.716,217.16
2737,16081.0,5,12.365198237885464,2806.9
2738,16083.0,2,42.50387096774193,1317.62
2739,16084.0,1,11.47842105263158,436.18
2740,16085.0,5,5.877305389221557,981.51
2741,16086.0,5,28.753589743589746,1121.39
2742,16091.0,2,17.503333333333334,315.06
2743,16092.0,3,16.036470588235293,817.86
2744,16093.0,1,17.0,17.0
2745,16094.0,4,17.114761904761906,1078.23
2746,16096.0,1,26.718333333333334,320.62
2747,16097.0,1,18.505,185.04999999999998
2748,16098.0,7,29.934776119402986,2005.63
2749,16099.0,3,18.766666666666666,731.9
2750,16101.0,1,16.982894736842105,1290.7
2751,16102.0,3,32.31824561403509,1842.14
2752,16103.0,6,29.784166666666668,1429.64
2753,16104.0,1,10.426206896551724,302.36
2754,16105.0,1,25.919999999999998,336.96
2755,16106.0,1,18.063333333333333,108.38
2756,16107.0,7,103.36000000000001,3204.1600000000003
2757,16108.0,1,17.552083333333332,842.5
2758,16109.0,2,33.99333333333333,611.88
2759,16110.0,3,3.77819209039548,1337.48
2760,16112.0,4,12.233749999999999,195.73999999999998
2761,16113.0,1,5.379333333333333,161.38
2762,16114.0,1,16.968750000000004,135.75000000000003
2763,16115.0,8,5.873133802816901,1667.97
2764,16116.0,1,18.02294117647059,612.78
2765,16117.0,1,7.740333333333334,232.21
2766,16119.0,2,26.46,423.36
2767,16120.0,4,43.638000000000005,1309.14
2768,16121.0,2,4.090141509433963,867.11
2769,16122.0,4,18.01105263157895,684.4200000000001
2770,16123.0,1,19.23625,307.78
2771,16124.0,1,22.636363636363637,249.0
2772,16125.0,1,22.25769230769231,289.35
2773,16126.0,4,53.741623931623934,6287.77
2774,16127.0,1,16.40625,656.25
2775,16128.0,5,21.126067415730336,1880.22
2776,16131.0,6,44.95564102564102,3506.54
2777,16133.0,33,43.16284023668639,14589.04
2778,16134.0,2,17.659714285714287,618.09
2779,16135.0,1,24.645238095238092,517.55
2780,16136.0,3,19.172432432432434,709.38
2781,16139.0,3,20.497096774193547,635.41
2782,16140.0,2,20.71942857142857,725.18
2783,16141.0,1,20.68,620.4
2784,16142.0,1,14.46864864864865,535.34
2785,16143.0,6,20.725982905982907,2424.94
2786,16144.0,1,175.2,175.2
2787,16145.0,11,16.96200892857143,3799.4900000000002
2788,16146.0,3,25.314827586206896,734.13
2789,16147.0,1,17.045454545454547,375.0
2790,16148.0,1,76.32000000000001,76.32000000000001
2791,16149.0,2,15.584444444444443,280.52
2792,16150.0,5,17.547179487179488,2053.02
2793,16152.0,1,63.070344827586204,1829.04
2794,16153.0,5,20.496966292134832,1824.23
2795,16156.0,9,24.01569230769231,3122.04
2796,16157.0,3,36.482777777777784,656.69
2797,16159.0,1,24.87142857142857,348.2
2798,16160.0,2,51.272000000000006,1025.44
2799,16161.0,19,11.762784810126583,5575.56
2800,16162.0,1,18.7,37.4
2801,16163.0,2,142.76666666666668,856.6
2802,16164.0,3,24.19058823529412,822.48
2803,16168.0,27,38.648979591836735,3787.6
2804,16169.0,4,21.44670588235294,1822.97
2805,16170.0,6,15.0804,1885.05
2806,16171.0,1,24.400000000000002,73.2
2807,16172.0,5,16.524782608695652,1140.21
2808,16173.0,6,16.884761904761906,1418.32
2809,16174.0,3,43.89347826086957,1009.5500000000001
2810,16175.0,4,17.889482758620687,1037.59
2811,16177.0,1,22.13,331.95
2812,16178.0,1,24.7375,197.9
2813,16179.0,1,19.62090909090909,215.83
2814,16180.0,8,63.29740740740741,10254.18
2815,16181.0,1,27.776363636363637,305.54
2816,16182.0,4,236.34464285714284,6617.65
2817,16183.0,1,22.58066666666667,338.71000000000004
2818,16184.0,6,25.750888888888888,1158.79
2819,16185.0,2,17.07774193548387,529.41
2820,16186.0,12,18.38045871559633,4006.94
2821,16187.0,15,23.428610169491527,6911.4400000000005
2822,16188.0,4,14.654626865671641,981.86
2823,16189.0,2,19.58909090909091,215.48
2824,16190.0,1,35.84666666666667,215.08
2825,16191.0,13,38.66059701492538,5180.52
2826,16193.0,1,16.55,314.45
2827,16198.0,1,26.71206666666667,400.68100000000004
2828,16200.0,2,6.036983240223464,1080.6200000000001
2829,16201.0,4,16.78801801801802,1863.47
2830,16202.0,1,20.292777777777776,365.27
2831,16203.0,4,16.939999999999998,592.9
2832,16204.0,1,7.117719298245614,405.71
2833,16205.0,4,7.769183673469388,761.38
2834,16206.0,4,8.524761904761906,537.0600000000001
2835,16207.0,1,20.756842105263157,394.38
2836,16208.0,2,10.064545454545454,664.26
2837,16209.0,5,49.18739130434783,2262.62
2838,16210.0,18,171.43333333333334,21086.3
2839,16211.0,1,23.783478260869565,547.02
2840,16212.0,2,16.837560975609758,690.34
2841,16213.0,1,26.5,159.0
2842,16214.0,3,24.15340909090909,1062.75
2843,16215.0,1,17.310714285714287,242.35
2844,16216.0,1,24.72783783783784,914.9300000000001
2845,16217.0,2,20.283333333333335,304.25
2846,16218.0,7,36.72238095238095,3084.68
2847,16221.0,3,8.916082474226805,864.86
2848,16222.0,1,6.18043795620438,846.72
2849,16224.0,4,13.492708333333333,1295.3
2850,16225.0,5,8.181492537313432,1096.32
2851,16226.0,3,31.89,255.12
2852,16227.0,1,52.370000000000005,314.22
2853,16229.0,2,21.50212765957447,1010.6
2854,16230.0,2,15.486571428571429,542.03
2855,16232.0,4,26.78054054054054,990.88
2856,16233.0,3,24.394545454545458,536.6800000000001
2857,16235.0,5,18.854565217391304,867.31
2858,16236.0,1,21.61,432.2
2859,16239.0,2,21.8,414.2
2860,16240.0,2,27.546666666666667,3718.8
2861,16241.0,13,3.939380664652568,2607.87
2862,16242.0,7,12.255816326530612,3603.21
2863,16243.0,2,8.02156862745098,409.1
2864,16244.0,2,16.733516483516482,1522.75
2865,16245.0,3,15.707333333333334,1413.66
2866,16247.0,1,7.16,114.56
2867,16248.0,1,21.84857142857143,152.94
2868,16249.0,5,26.08797101449275,1800.07
2869,16250.0,2,16.226666666666667,389.44
2870,16253.0,2,29.95008130081301,3683.86
2871,16255.0,8,9.70337037037037,2619.91
2872,16256.0,1,57.87923076923077,752.4300000000001
2873,16257.0,1,23.475,46.95
2874,16258.0,5,38.54451851851852,5203.51
2875,16260.0,1,57.525000000000006,1035.45
2876,16261.0,4,6.022822580645162,746.83
2877,16265.0,9,21.112403100775193,5447.0
2878,16266.0,7,14.129344262295081,861.89
2879,16268.0,2,14.836666666666666,667.65
2880,16270.0,1,21.134074074074075,1141.24
2881,16271.0,5,10.746165413533834,1429.24
2882,16272.0,1,16.468,411.7
2883,16274.0,1,5.342537313432835,357.95
2884,16275.0,1,16.965757575757575,559.87
2885,16276.0,1,135.10000000000002,810.6000000000001
2886,16278.0,1,24.625217391304346,566.38
2887,16279.0,3,14.10822429906542,1509.58
2888,16281.0,1,121.29764705882353,2062.06
2889,16282.0,1,15.3,168.3
2890,16283.0,5,9.462710843373493,1570.81
2891,16284.0,2,7.559357798165138,823.97
2892,16287.0,1,17.8125,142.5
2893,16292.0,1,17.779411764705884,302.25
2894,16293.0,10,19.059237288135595,2248.9900000000002
2895,16295.0,4,16.817088607594936,1328.55
2896,16297.0,1,15.094999999999999,301.9
2897,16298.0,3,22.15555555555556,598.2
2898,16302.0,1,21.201818181818183,233.22
2899,16303.0,3,33.09030864197531,5360.63
2900,16305.0,1,16.419090909090908,361.21999999999997
2901,16306.0,6,15.42121951219512,632.27
2902,16308.0,4,640.0,2560.0
2903,16309.0,2,16.823095238095238,706.57
2904,16311.0,2,16.655675675675674,616.26
2905,16313.0,2,17.134375000000002,274.15000000000003
2906,16315.0,1,16.169285714285714,226.37
2907,16316.0,8,19.46298013245033,2938.91
2908,16317.0,3,19.444202898550724,1341.65
2909,16318.0,1,17.271052631578947,328.15
2910,16319.0,1,134.8,404.40000000000003
2911,16320.0,2,18.543928571428573,1038.46
2912,16321.0,5,31.137500000000003,373.65000000000003
2913,16322.0,2,8.83108108108108,326.75
2914,16323.0,1,207.50000000000003,207.50000000000003
2915,16324.0,3,3.6328813559322035,428.68
2916,16325.0,3,33.013333333333335,594.24
2917,16326.0,14,9.752225705329154,3110.96
2918,16327.0,6,12.050846394984326,3844.22
2919,16330.0,3,6.4592307692307696,251.91
2920,16332.0,7,10.413071895424837,1593.2
2921,16333.0,22,591.7066666666667,26626.8
2922,16337.0,1,15.105,151.05
2923,16338.0,1,19.527272727272727,214.79999999999998
2924,16339.0,1,5.4975000000000005,109.95
2925,16340.0,1,3.5886928104575166,549.07
2926,16341.0,4,25.6087012987013,1971.87
2927,16342.0,4,21.494000000000003,322.41
2928,16343.0,2,7.882553191489361,370.47999999999996
2929,16344.0,1,50.550000000000004,101.10000000000001
2930,16345.0,1,15.14236842105263,575.41
2931,16347.0,2,9.648369565217392,887.65
2932,16348.0,7,6.252978723404255,1469.45
2933,16349.0,1,5.944444444444445,53.5
2934,16350.0,4,19.58719298245614,1116.47
2935,16351.0,1,19.2375,153.9
2936,16352.0,2,17.658571428571427,494.44
2937,16353.0,23,71.0181914893617,6675.71
2938,16354.0,2,10.148717948717948,395.8
2939,16356.0,3,6.831290322580646,211.77
2940,16357.0,3,19.378823529411765,658.88
2941,16358.0,4,18.60091743119266,2027.5
2942,16359.0,9,26.52909090909091,1750.92
2943,16360.0,6,5.305936555891239,3512.53
2944,16361.0,4,8.459056603773584,896.66
2945,16362.0,5,9.071234567901234,734.77
2946,16363.0,1,21.872000000000003,109.36000000000001
2947,16364.0,2,13.340377358490565,707.04
2948,16365.0,9,30.2043137254902,1540.42
2949,16366.0,1,18.183333333333334,327.3
2950,16367.0,2,6.188384615384615,804.49
2951,16368.0,2,6.545131578947369,497.43
2952,16369.0,3,13.166610169491527,1553.66
2953,16370.0,4,5.791929824561404,1320.56
2954,16372.0,2,3.7930927835051547,367.93
2955,16374.0,2,4.261531531531531,473.03000000000003
2956,16376.0,2,7.8960799999999995,987.01
2957,16377.0,1,135.24,676.2
2958,16378.0,3,15.780434782608696,362.95
2959,16379.0,4,19.975925925925928,2157.4
2960,16380.0,1,55.6434375,1780.59
2961,16383.0,2,6.552549019607843,668.36
2962,16384.0,2,17.71212121212121,584.5
2963,16385.0,3,9.42186440677966,555.89
2964,16386.0,2,3.6045454545454545,317.2
2965,16387.0,1,23.59,94.36
2966,16389.0,4,40.64911764705882,1382.07
2967,16392.0,1,4.915333333333333,221.19
2968,16393.0,13,9.230939393939394,3046.21
2969,16394.0,5,18.73903614457831,1555.34
2970,16395.0,5,7.080476190476191,1486.9
2971,16398.0,2,20.802439024390242,1705.8
2972,16399.0,2,5.596849315068493,408.57
2973,16400.0,1,10.480344827586206,303.93
2974,16401.0,12,22.033978494623653,4098.32
2975,16402.0,2,4.993333333333334,299.6
2976,16403.0,1,17.75,177.5
2977,16404.0,1,19.26304347826087,443.05
2978,16405.0,2,33.45,167.25
2979,16406.0,1,2.6301612903225804,163.07
2980,16407.0,10,12.365872093023254,2126.93
2981,16409.0,5,8.745172413793103,2028.88
2982,16411.0,2,4.7700000000000005,214.65
2983,16412.0,1,4.338,151.83
2984,16413.0,1,8.458064516129031,262.2
2985,16414.0,2,18.035714285714285,126.25
2986,16415.0,1,3.89537037037037,210.35
2987,16416.0,3,14.808450704225354,1051.4
2988,16418.0,3,6.620294117647059,675.27
2989,16419.0,6,19.063333333333333,972.23
2990,16422.0,51,93.99566395663958,34684.4
2991,16423.0,1,19.22888888888889,346.12
2992,16424.0,1,26.712,133.56
2993,16425.0,1,14.414285714285715,302.7
2994,16426.0,10,5.129704301075269,1908.25
2995,16427.0,2,26.784444444444446,241.06
2996,16429.0,1,142.275,284.55
2997,16430.0,1,50.14166666666667,300.85
2998,16431.0,3,7.744698795180722,642.81
2999,16432.0,1,35.925,287.4
3000,16433.0,1,10.838823529411764,184.26
3001,16434.0,7,13.965596330275229,1522.25
3002,16438.0,5,6.04810606060606,798.35
3003,16440.0,5,12.91017730496454,3640.67
3004,16441.0,2,15.883333333333333,381.2
3005,16442.0,3,3.5447701149425286,616.79
3006,16444.0,4,7.793690476190475,654.67
3007,16445.0,1,3.658888888888889,230.51
3008,16446.0,2,56157.5,168472.5
3009,16447.0,1,7.194722222222222,259.01
3010,16448.0,1,9.444500000000001,188.89000000000001
3011,16449.0,2,17.69225,707.69
3012,16450.0,1,28.35636363636364,311.92
3013,16451.0,1,19.069285714285716,266.97
3014,16454.0,2,3.45,6.9
3015,16455.0,7,18.59777777777778,1841.18
3016,16456.0,5,19.444774774774775,2158.37
3017,16457.0,1,23.151111111111113,208.36
3018,16458.0,18,17.241287128712873,3482.7400000000002
3019,16460.0,3,6.034962962962963,814.72
3020,16461.0,1,4.588484848484848,151.42
3021,16462.0,3,45.333333333333336,136.0
3022,16463.0,4,17.346341463414635,1422.4
3023,16464.0,3,5.570677966101695,1314.68
3024,16466.0,7,10.834189189189189,1603.46
3025,16468.0,1,37.45,74.9
3026,16469.0,4,3.5737912087912087,650.43
3027,16470.0,4,4.484647058823529,762.39
3028,16471.0,1,17.22692307692308,223.95000000000002
3029,16473.0,3,17.561666666666667,316.11
3030,16474.0,7,5.198611111111111,1871.5
3031,16475.0,4,19.439285714285713,544.3
3032,16477.0,7,17.085342465753424,2494.46
3033,16478.0,3,19.470588235294116,331.0
3034,16479.0,2,8.595142857142857,300.83
3035,16480.0,1,14.514905660377357,769.29
3036,16482.0,1,12.256666666666668,220.62
3037,16483.0,1,7.334210526315789,139.35
3038,16484.0,2,16.172,404.3
3039,16485.0,1,8.658333333333333,363.65
3040,16488.0,3,17.2,498.8
3041,16491.0,1,18.756410256410255,731.5
3042,16493.0,4,24.13625,1351.63
3043,16494.0,1,16.5306,826.53
3044,16495.0,3,7.055773195876288,684.41
3045,16496.0,3,16.837052631578945,1599.52
3046,16497.0,6,21.80654411764706,2965.69
3047,16498.0,2,6.731333333333334,100.97
3048,16499.0,2,19.23421052631579,365.45
3049,16500.0,6,36.441818181818185,400.86
3050,16503.0,4,17.046785714285715,1431.93
3051,16504.0,1,5.632325581395349,484.38
3052,16505.0,1,194.4,777.6
3053,16506.0,2,30.100000000000005,90.30000000000001
3054,16509.0,1,27.976923076923075,363.7
3055,16510.0,1,19.084615384615383,248.1
3056,16511.0,3,5.6228402366863905,950.26
3057,16513.0,4,24.988285714285716,874.59
3058,16515.0,5,14.399380530973453,1627.13
3059,16516.0,1,16.95,101.69999999999999
3060,16517.0,1,9.570588235294117,162.7
3061,16518.0,2,12.108,484.32
3062,16519.0,2,16.544615384615383,215.07999999999998
3063,16520.0,3,6.708782051282051,1046.57
3064,16523.0,21,32.477482758620695,9418.470000000001
3065,16525.0,26,71.18825136612023,13027.45
3066,16526.0,1,19.357333333333333,290.36
3067,16527.0,1,16.29,228.06
3068,16528.0,1,14.377058823529412,244.41
3069,16529.0,1,15.175,455.25
3070,16531.0,7,16.163506493506492,1244.59
3071,16532.0,3,1687.2,6748.8
3072,16533.0,3,6.189604519774011,1095.56
3073,16535.0,1,19.153225806451612,593.75
3074,16536.0,1,9.981272727272728,548.97
3075,16539.0,4,30.862444444444442,1388.81
3076,16542.0,1,23.924,119.62
3077,16545.0,1,113.10000000000001,339.3
3078,16546.0,2,31.486,787.15
3079,16549.0,10,4.235107033639144,4154.64
3080,16550.0,5,9.159243027888445,2298.97
3081,16551.0,3,28.81625,922.12
3082,16552.0,2,22.337058823529414,379.73
3083,16553.0,12,68.09309523809523,5719.82
3084,16554.0,3,16.098076923076924,837.1
3085,16555.0,2,16.81705882352941,285.89
3086,16556.0,7,16.008647342995168,3313.79
3087,16557.0,2,25.622727272727275,281.85
3088,16558.0,20,18.127152173913043,8338.49
3089,16560.0,2,15.02517857142857,841.41
3090,16561.0,2,16.48774193548387,511.12
3091,16563.0,1,56.72315789473684,1077.74
3092,16565.0,1,57.9,173.7
3093,16566.0,5,34.147777777777776,614.66
3094,16567.0,2,24.731428571428573,865.6
3095,16569.0,1,24.84,124.2
3096,16570.0,10,29.66984126984127,3738.4
3097,16571.0,3,16.34126436781609,1421.69
3098,16572.0,3,17.712280701754388,1009.6
3099,16573.0,2,15.800238095238095,663.61
3100,16574.0,1,16.122857142857143,451.44
3101,16581.0,1,11.76,105.84
3102,16582.0,1,52.27,313.62
3103,16583.0,1,16.675,233.45
3104,16584.0,2,33.431428571428576,936.08
3105,16586.0,1,57.99375,463.95
3106,16587.0,1,17.31923076923077,225.15
3107,16589.0,3,13.916363636363636,459.24
3108,16591.0,1,21.35,213.5
3109,16592.0,16,19.044814814814817,4113.68
3110,16593.0,3,12.223333333333333,330.03
3111,16594.0,1,3.416792452830189,181.09
3112,16595.0,1,4.237176470588236,360.16
3113,16596.0,2,20.845833333333335,250.15
3114,16597.0,1,12.862857142857143,90.04
3115,16598.0,1,14.504999999999999,145.04999999999998
3116,16600.0,6,13.121290322580645,813.52
3117,16601.0,1,7.896774193548387,244.79999999999998
3118,16602.0,1,18.209655172413793,528.08
3119,16603.0,2,14.19029411764706,482.47
3120,16607.0,14,19.46343023255814,3347.71
3121,16609.0,7,19.903840579710145,5493.46
3122,16610.0,1,12.61,75.66
3123,16611.0,1,12.949000000000002,129.49
3124,16612.0,4,17.994848484848486,1187.66
3125,16613.0,1,20.619666666666667,618.59
3126,16614.0,1,19.468846153846155,506.19
3127,16616.0,2,15.164242424242424,500.42
3128,16617.0,1,30.369999999999997,151.85
3129,16618.0,5,27.579062500000003,2647.59
3130,16619.0,1,16.157857142857143,226.21
3131,16620.0,2,19.884444444444444,178.96
3132,16621.0,4,28.05103448275862,813.48
3133,16623.0,1,25.889999999999997,129.45
3134,16624.0,2,16.886875,810.5699999999999
3135,16625.0,1,14.481739130434782,333.08
3136,16626.0,17,24.65418994413408,4413.1
3137,16627.0,1,16.14,322.8
3138,16628.0,5,18.701282051282053,2188.05
3139,16629.0,2,6.52703125,417.73
3140,16633.0,6,18.967763157894737,2883.1
3141,16634.0,2,24.211111111111112,217.9
3142,16637.0,4,16.73144927536232,1154.47
3143,16638.0,10,17.88,1680.72
3144,16639.0,3,25.150199999999998,1257.51
3145,16641.0,1,19.258333333333336,231.10000000000002
3146,16642.0,2,20.245,688.33
3147,16643.0,1,18.055925925925926,487.51
3148,16644.0,2,13.448064516129032,833.78
3149,16647.0,2,15.290000000000001,214.06
3150,16648.0,1,15.297894736842103,290.65999999999997
3151,16650.0,1,21.60083333333333,518.42
3152,16652.0,7,57.406525423728816,6773.97
3153,16653.0,2,17.574782608695653,1212.66
3154,16654.0,4,20.733448275862067,601.27
3155,16655.0,6,14.538390804597702,3794.52
3156,16656.0,15,118.16164383561643,8625.8
3157,16657.0,4,4.488557692307692,933.62
3158,16658.0,1,15.405,123.24
3159,16659.0,1,19.56,39.12
3160,16660.0,4,79.22812499999999,1267.6499999999999
3161,16665.0,1,15.044444444444443,135.39999999999998
3162,16666.0,1,3.718125,118.98
3163,16667.0,2,10.757169811320754,570.13
3164,16668.0,6,15.335999999999999,306.71999999999997
3165,16669.0,3,8.592937500000001,1374.8700000000001
3166,16670.0,11,16.25357142857143,4095.9
3167,16671.0,3,282.045,1692.27
3168,16672.0,20,71.35912280701754,8134.9400000000005
3169,16674.0,2,3.261326530612245,319.61
3170,16676.0,4,17.888988764044946,1592.1200000000001
3171,16678.0,12,19.07969325153374,3109.99
3172,16679.0,1,43.25,129.75
3173,16680.0,1,18.369999999999997,183.7
3174,16681.0,6,40.235,1770.34
3175,16682.0,5,34.266666666666666,1028.0
3176,16684.0,28,240.6265703971119,66653.56
3177,16685.0,2,5.2296774193548385,324.24
3178,16686.0,7,5.235606837606838,3062.83
3179,16688.0,4,20.336451612903225,1260.86
3180,16689.0,2,32.5076923076923,422.59999999999997
3181,16690.0,2,18.798333333333332,225.57999999999998
3182,16692.0,2,425.3333333333333,1276.0
3183,16693.0,2,8.0335,482.01
3184,16696.0,4,65.79,657.9000000000001
3185,16697.0,1,5.369047619047619,112.75
3186,16698.0,2,399.6,1998.0
3187,16700.0,13,16.482305194805196,5076.55
3188,16701.0,13,37.488194444444446,5398.3
3189,16705.0,20,51.98144444444444,14034.99
3190,16706.0,3,4.319918699186992,531.35
3191,16708.0,1,24.31962962962963,656.63
3192,16709.0,5,38.35278481012658,3029.87
3193,16710.0,10,6.1767164179104475,2483.04
3194,16711.0,5,75.04681818181818,1651.03
3195,16712.0,11,8.155324384787471,3645.43
3196,16713.0,15,11.094759615384616,6923.13
3197,16714.0,3,12.489569892473117,1161.53
3198,16715.0,1,15.879999999999999,301.71999999999997
3199,16716.0,2,450.6,901.2
3200,16717.0,6,19.38884422110553,3858.38
3201,16718.0,1,13.86111111111111,623.75
3202,16719.0,7,8.907562189054726,1790.42
3203,16720.0,1,5.74962962962963,155.24
3204,16721.0,1,7.904594594594595,292.47
3205,16722.0,13,21.025822222222224,4730.81
3206,16723.0,2,13.701162790697675,589.15
3207,16725.0,7,5.172317880794702,781.02
3208,16726.0,5,7.470378378378379,1382.02
3209,16727.0,1,5.9308695652173915,272.82
3210,16728.0,4,3.9207063197026026,1054.67
3211,16729.0,21,10.969575757575758,7239.92
3212,16730.0,3,9.062317073170732,743.11
3213,16732.0,1,21.5625,603.75
3214,16734.0,3,12.27377358490566,650.51
3215,16735.0,5,18.40448,2300.56
3216,16737.0,1,417.59999999999997,417.59999999999997
3217,16738.0,1,3.75,3.75
3218,16739.0,1,24.846153846153847,323.0
3219,16742.0,1,464.9,464.9
3220,16743.0,7,11.717748691099477,2238.09
3221,16744.0,7,5.391570247933884,1304.76
3222,16745.0,17,20.152100840336136,7194.3
3223,16746.0,18,14.91683741648107,6697.66
3224,16747.0,2,19.906190476190474,836.06
3225,16748.0,5,21.969565217391306,1515.9
3226,16750.0,5,6.567684210526315,623.93
3227,16751.0,1,70.5888,1764.72
3228,16752.0,1,23.055555555555557,207.5
3229,16753.0,1,6.5858823529411765,223.92000000000002
3230,16754.0,1,1001.2,2002.4
3231,16755.0,3,8.804882352941176,1496.83
3232,16756.0,1,18.415384615384617,239.4
3233,16757.0,1,15.261428571428572,106.83000000000001
3234,16758.0,1,16.78818181818182,369.34000000000003
3235,16759.0,3,18.804523809523808,789.79
3236,16761.0,1,24.355384615384615,316.62
3237,16762.0,3,16.869438202247192,1501.38
3238,16763.0,1,26.60217391304348,611.85
3239,16764.0,13,3.9649433427762037,2799.25
3240,16765.0,1,34.0,34.0
3241,16766.0,2,33.69411764705882,1145.6
3242,16767.0,11,25.13783783783784,5580.6
3243,16768.0,3,8.85351851851852,478.09000000000003
3244,16769.0,1,9.50975,380.39
3245,16770.0,5,5.311034482758621,770.1
3246,16771.0,5,8.811019607843138,2246.81
3247,16773.0,1,6.599615384615385,171.59
3248,16774.0,4,13.781666666666666,661.52
3249,16775.0,11,10.732025316455697,1695.66
3250,16776.0,1,5.1089473684210525,388.28
3251,16777.0,2,4.527,226.35
3252,16778.0,2,15.37125,245.94
3253,16779.0,22,31.921081081081084,10629.720000000001
3254,16780.0,2,7.0865,425.19
3255,16781.0,1,18.308823529411764,311.25
3256,16782.0,13,11.999473684210527,2279.9
3257,16784.0,1,35.86666666666667,107.6
3258,16788.0,2,3.854709677419355,597.48
3259,16789.0,1,16.16,80.8
3260,16790.0,6,16.61956989247312,1545.6200000000001
3261,16791.0,7,5.3805625,1721.78
3262,16792.0,2,9.198333333333334,110.38000000000001
3263,16793.0,1,15.24,243.84
3264,16794.0,10,4.290210526315789,1222.71
3265,16795.0,1,6.286060606060606,414.88
3266,16796.0,1,16.97888888888889,305.62
3267,16800.0,1,7.326158536585366,1201.49
3268,16801.0,4,21.312236842105264,1619.73
3269,16803.0,1,13.845833333333333,332.3
3270,16804.0,3,8.949833333333334,536.99
3271,16805.0,2,4.699897959183673,460.59
3272,16806.0,4,7.781456310679611,801.49
3273,16807.0,3,16.740149253731342,1121.59
3274,16808.0,2,12.540000000000001,288.42
3275,16809.0,5,6.138859060402685,914.69
3276,16810.0,1,20.636000000000003,309.54
3277,16811.0,2,19.538214285714286,547.07
3278,16812.0,1,31.956666666666667,479.35
3279,16813.0,10,3.7705567928730512,1692.98
3280,16814.0,21,20.089814814814815,6509.1
3281,16816.0,4,14.895,417.06
3282,16817.0,9,18.65988372093023,1604.75
3283,16818.0,11,17.81686170212766,3349.57
3284,16820.0,1,19.138846153846153,497.61
3285,16823.0,1,9.431052631578947,358.38
3286,16824.0,2,17.716923076923077,460.64
3287,16825.0,2,27.685000000000002,775.1800000000001
3288,16826.0,1,15.531818181818181,341.7
3289,16828.0,2,16.0625,128.5
3290,16829.0,1,17.92909090909091,197.22
3291,16830.0,1,14.170000000000002,325.91
3292,16832.0,3,16.595833333333335,199.15
3293,16833.0,4,23.5431914893617,1106.53
3294,16834.0,1,17.2275,413.46
3295,16835.0,2,18.085,180.85
3296,16836.0,2,22.89727272727273,251.87
3297,16837.0,11,19.218060606060607,3170.98
3298,16838.0,2,23.554000000000002,588.85
3299,16839.0,34,62.38477443609022,16594.35
3300,16841.0,6,16.119137931034484,1869.82
3301,16842.0,3,20.066507936507936,1264.19
3302,16843.0,16,26.97505291005291,10196.57
3303,16846.0,1,19.483636363636364,214.32
3304,16847.0,1,16.12,193.44
3305,16848.0,1,20.101428571428574,281.42
3306,16849.0,1,15.57125,124.57
3307,16850.0,1,17.495263157894737,332.41
3308,16851.0,3,17.1225,342.45
3309,16852.0,2,16.101111111111113,144.91000000000003
3310,16855.0,2,17.28421052631579,328.4
3311,16856.0,1,17.700000000000003,35.400000000000006
3312,16858.0,1,37.569,375.69000000000005
3313,16859.0,2,14.380961538461538,747.81
3314,16861.0,2,28.959999999999997,173.76
3315,16863.0,2,19.338461538461537,502.8
3316,16866.0,3,18.885454545454543,207.73999999999998
3317,16869.0,4,6.44859375,825.42
3318,16871.0,6,20.528029197080293,2812.34
3319,16872.0,3,97.14571428571428,680.02
3320,16873.0,6,25.53268817204301,7123.62
3321,16875.0,5,18.710089285714286,2095.53
3322,16877.0,6,5.369308176100629,853.72
3323,16878.0,1,4.433333333333334,13.3
3324,16880.0,7,8.534157303370787,1519.08
3325,16881.0,1,432.0,432.0
3326,16882.0,3,18.080000000000002,705.12
3327,16883.0,2,7.282368421052632,276.73
3328,16884.0,2,16.532307692307693,429.84000000000003
3329,16885.0,3,4.668415841584158,471.51
3330,16887.0,1,5.2670270270270265,194.88
3331,16889.0,3,11.693851851851852,1578.67
3332,16891.0,5,3.9886699507389163,809.7
3333,16892.0,5,5.308484848484848,525.54
3334,16893.0,1,3.242888888888889,145.93
3335,16895.0,1,3.175942028985507,219.14
3336,16897.0,2,7.831891891891891,289.78
3337,16898.0,3,3.1408024691358025,508.81
3338,16899.0,6,10.25248,1281.56
3339,16900.0,3,11.229240506329115,887.11
3340,16902.0,1,38.79272727272728,1706.88
3341,16903.0,1,6.220666666666667,373.24
3342,16904.0,16,5.287704225352113,3754.27
3343,16905.0,7,14.915528846153846,3102.43
3344,16906.0,4,6.234086021505376,579.77
3345,16907.0,5,6.500993377483444,981.65
3346,16909.0,1,21.063333333333333,379.14
3347,16910.0,8,2.7606215722120657,1510.06
3348,16912.0,11,25.49881188118812,2575.38
3349,16913.0,1,14.18,113.44
3350,16914.0,1,5.4857894736842105,208.46
3351,16915.0,6,10.906666666666668,621.6800000000001
3352,16916.0,2,4.029790209790209,576.26
3353,16917.0,1,43.50222222222222,391.52
3354,16918.0,6,8.35015625,1068.82
3355,16919.0,11,7.940214067278287,2596.45
3356,16921.0,1,2.829833333333333,169.79
3357,16923.0,19,10.785133928571428,7247.61
3358,16924.0,3,10.201807228915662,846.75
3359,16926.0,1,16.446428571428573,230.25
3360,16927.0,3,90.50833333333333,543.05
3361,16928.0,17,13.62488038277512,2847.6
3362,16929.0,7,16.823246753246753,1295.39
3363,16930.0,3,7.0472222222222225,380.55
3364,16931.0,21,5.127193763919822,4604.22
3365,16932.0,1,3.0554716981132075,161.94
3366,16933.0,2,12.800681818181818,563.23
3367,16934.0,2,15.33758064516129,950.9300000000001
3368,16936.0,1,4.608421052631579,262.68
3369,16938.0,4,11.354273858921163,2736.38
3370,16940.0,3,9.99960655737705,3049.88
3371,16942.0,9,6.834839857651246,1920.59
3372,16943.0,3,24.74939393939394,816.73
3373,16945.0,19,17.451807228915662,4345.5
3374,16947.0,1,19.356190476190477,406.48
3375,16948.0,3,22.89578947368421,435.02
3376,16949.0,6,21.437833333333334,1286.27
3377,16950.0,3,28.06095238095238,1178.56
3378,16951.0,3,14.857558139534884,1277.75
3379,16952.0,2,10.475625,167.61
3380,16953.0,1,20.8,20.8
3381,16954.0,9,38.61259259259259,2085.08
3382,16955.0,4,20.746799999999997,518.67
3383,16956.0,1,19.29625,308.74
3384,16957.0,2,26.04,416.64
3385,16959.0,1,16.764285714285716,117.35000000000001
3386,16960.0,3,5.02029702970297,507.05
3387,16961.0,1,16.72642857142857,234.17
3388,16963.0,1,15.792857142857144,110.55000000000001
3389,16965.0,1,7.738076923076923,201.19
3390,16966.0,7,76.96321428571427,2154.97
3391,16967.0,1,15.19142857142857,319.02
3392,16968.0,2,14.175161290322581,439.43
3393,16969.0,3,15.48595238095238,650.41
3394,16971.0,1,8.712439024390243,357.21
3395,16976.0,1,125.75999999999999,251.51999999999998
3396,16978.0,1,8.828974358974358,344.33
3397,16979.0,6,20.808988764044944,1852.0
3398,16980.0,2,12.401839080459771,1078.96
3399,16982.0,1,17.457272727272727,384.06
3400,16983.0,7,13.048986486486486,1931.25
3401,16984.0,2,11.010687960687962,4481.35
3402,16985.0,10,45.53433333333333,5464.12
3403,16986.0,2,624.4,1873.2
3404,16987.0,7,12.597286821705426,1625.05
3405,16988.0,1,18.017142857142858,126.12
3406,16989.0,6,94.4375,1133.25
3407,16990.0,1,179.0,179.0
3408,16992.0,5,17.358172043010754,1614.31
3409,16996.0,6,39.3772972972973,1456.96
3410,16997.0,3,58.5,702.0
3411,16998.0,4,73.75,295.0
3412,16999.0,2,21.07913043478261,484.82
3413,17001.0,11,23.606923076923078,3989.57
3414,17002.0,3,30.484285714285715,1493.73
3415,17004.0,2,32.11227272727273,1412.94
3416,17006.0,4,17.76772727272727,781.78
3417,17007.0,6,17.114038461538463,889.9300000000001
3418,17010.0,1,17.76,195.36
3419,17011.0,1,18.06,270.9
3420,17014.0,3,7.923378378378379,586.33
3421,17015.0,3,8.491059907834101,1842.56
3422,17017.0,20,34.50103174603175,8694.26
3423,17018.0,2,57.50625,920.1
3424,17019.0,4,5.4385042735042735,1272.61
3425,17022.0,1,10.142857142857142,71.0
3426,17024.0,3,31.95,95.85
3427,17025.0,3,39.75222222222222,357.77
3428,17026.0,2,38.707499999999996,154.82999999999998
3429,17027.0,6,5.818888888888889,890.29
3430,17029.0,2,358.0,716.0
3431,17030.0,1,13.351818181818182,146.87
3432,17031.0,2,17.288636363636364,380.35
3433,17033.0,3,36.79071428571429,1030.14
3434,17034.0,3,24.850666666666665,745.52
3435,17035.0,2,15.483214285714286,433.53000000000003
3436,17037.0,1,16.8976,1267.32
3437,17038.0,1,5.109090909090909,112.4
3438,17040.0,1,29.982000000000003,449.73
3439,17041.0,3,15.450999999999999,1081.57
3440,17042.0,5,10.656938775510202,1044.3799999999999
3441,17043.0,4,17.01156862745098,1735.18
3442,17044.0,1,158.08,948.48
3443,17045.0,3,15.42909090909091,339.44
3444,17046.0,1,29.182727272727274,642.02
3445,17047.0,3,16.93692307692308,1100.9
3446,17048.0,3,21.519767441860466,925.35
3447,17049.0,9,17.79867924528302,5659.9800000000005
3448,17050.0,6,10.217848101265822,3228.84
3449,17051.0,1,5.747441860465116,247.14000000000001
3450,17052.0,1,4.497282608695652,413.75
3451,17053.0,1,38.34461538461539,498.48
3452,17054.0,5,16.34132530120482,1356.33
3453,17058.0,3,19.030483870967743,1179.89
3454,17059.0,5,5.9981395348837205,3095.04
3455,17060.0,1,46.848,234.24
3456,17061.0,11,52.850808080808086,5232.2300000000005
3457,17062.0,4,7.691,538.37
3458,17063.0,7,18.732564102564105,1461.14
3459,17064.0,3,13.860483870967743,859.35
3460,17068.0,21,15.378851351351353,4552.14
3461,17069.0,9,18.948951048951052,2709.7000000000003
3462,17070.0,1,4.8771875,312.14
3463,17071.0,9,17.350214285714287,2429.03
3464,17073.0,4,8.310862068965516,1446.09
3465,17075.0,4,10.832727272727272,834.12
3466,17076.0,3,33.6432,841.0799999999999
3467,17078.0,2,13.507142857142856,378.2
3468,17079.0,1,59.400000000000006,118.80000000000001
3469,17080.0,2,35.9525,287.62
3470,17081.0,2,4.53375,290.16
3471,17082.0,2,24.738888888888887,2003.85
3472,17083.0,3,27.034230769230767,1405.78
3473,17084.0,2,18.208333333333332,2949.75
3474,17085.0,5,8.377807486631017,1566.65
3475,17086.0,6,21.355,2050.08
3476,17088.0,4,17.313130434782607,1991.01
3477,17090.0,7,32.4436507936508,2043.95
3478,17091.0,9,19.629538461538463,3827.76
3479,17092.0,4,14.22224,1777.78
3480,17094.0,1,21.571428571428573,302.0
3481,17095.0,3,17.894054054054056,1324.16
3482,17096.0,4,21.294375,1022.13
3483,17097.0,8,4.523317535545024,954.42
3484,17100.0,2,14.949846153846154,971.74
3485,17101.0,4,38.61261904761905,1621.73
3486,17102.0,1,25.5,25.5
3487,17105.0,2,7.397555555555555,665.78
3488,17107.0,6,25.874234449760767,10815.43
3489,17109.0,6,7.564444444444444,885.04
3490,17110.0,1,13.608333333333333,163.29999999999998
3491,17111.0,1,8.287,248.61
3492,17114.0,8,6.367086614173228,808.62
3493,17115.0,3,21.474358974358974,837.5
3494,17117.0,1,12.91111111111111,116.19999999999999
3495,17118.0,1,15.702000000000002,157.02
3496,17119.0,2,17.340285714285713,606.91
3497,17120.0,1,17.08111111111111,307.46
3498,17122.0,1,19.759999999999998,138.32
3499,17123.0,1,38.36666666666666,345.29999999999995
3500,17124.0,1,9.3403125,298.89
3501,17125.0,1,6.483750000000001,259.35
3502,17126.0,5,3.8644230769230767,1004.75
3503,17128.0,1,11.220714285714285,157.09
3504,17131.0,5,18.38186567164179,2463.17
3505,17133.0,7,181.1940740740741,4892.240000000001
3506,17134.0,2,17.708333333333332,425.0
3507,17135.0,7,21.917884615384615,1139.73
3508,17138.0,1,15.854166666666666,380.5
3509,17139.0,12,22.31897489539749,10668.47
3510,17140.0,1,23.266,465.32
3511,17142.0,1,38.6,579.0
3512,17144.0,2,20.511875,984.57
3513,17146.0,3,21.422285714285714,749.78
3514,17147.0,4,21.167777777777776,1714.59
3515,17148.0,1,13.875555555555556,124.88
3516,17152.0,3,120.67857142857143,1689.5
3517,17153.0,1,15.27,213.78
3518,17154.0,1,14.319130434782608,329.34
3519,17155.0,2,12.585,251.70000000000002
3520,17157.0,2,24.53846153846154,319.0
3521,17158.0,3,18.91,1266.97
3522,17159.0,3,15.236435643564358,1538.88
3523,17160.0,6,15.362576419213974,3518.03
3524,17162.0,10,16.494807692307692,1715.46
3525,17163.0,2,58.620000000000005,293.1
3526,17164.0,7,17.134375,2467.35
3527,17165.0,1,15.868,158.68
3528,17166.0,2,17.195,206.34
3529,17169.0,2,15.477407407407407,835.78
3530,17171.0,1,14.056875,224.91
3531,17172.0,1,21.184,317.76
3532,17173.0,8,43.79767441860465,3766.6
3533,17174.0,1,14.975,59.9
3534,17175.0,4,22.915714285714287,1443.69
3535,17176.0,1,20.408666666666665,306.13
3536,17179.0,3,8.897375,711.79
3537,17180.0,4,6.218984375,796.03
3538,17181.0,2,10.431304347826087,239.92000000000002
3539,17183.0,6,45.85356164383562,3347.31
3540,17186.0,2,72.0,144.0
3541,17187.0,1,20.395,203.95
3542,17188.0,7,29.455119047619046,2474.23
3543,17189.0,2,6.301639344262296,384.40000000000003
3544,17190.0,2,23.40736842105263,444.74
3545,17191.0,7,8.840210970464135,2095.13
3546,17193.0,7,53.103125000000006,1699.3000000000002
3547,17194.0,2,9.055862068965517,262.62
3548,17197.0,1,34.93137931034483,1013.01
3549,17198.0,3,7.210625,692.22
3550,17201.0,1,8.56575,342.63
3551,17203.0,6,23.446381578947367,3563.85
3552,17204.0,4,27.448421052631577,1564.56
3553,17205.0,1,29.544615384615383,384.08
3554,17206.0,1,29.177142857142858,204.24
3555,17211.0,8,10.982085308056874,2317.2200000000003
3556,17212.0,1,56.7125,226.85
3557,17213.0,7,17.71484076433121,2781.23
3558,17214.0,6,10.37980582524272,1069.1200000000001
3559,17217.0,1,12.61111111111111,113.5
3560,17218.0,10,7.155912408759124,1960.72
3561,17219.0,1,4.5692,114.23
3562,17220.0,14,6.775953389830509,3198.25
3563,17221.0,2,5.319523809523809,335.13
3564,17222.0,1,12.648214285714285,354.15
3565,17223.0,2,8.71,426.79
3566,17226.0,1,18.73761904761905,393.49
3567,17227.0,6,19.985531914893617,939.32
3568,17228.0,8,9.16389423076923,1906.09
3569,17229.0,2,6.782127659574468,318.76
3570,17230.0,8,52.73057971014492,3638.41
3571,17231.0,10,5.867504621072089,3174.32
3572,17232.0,2,11.708888888888888,421.52
3573,17233.0,1,7.6352,190.88
3574,17234.0,1,10.706428571428573,149.89000000000001
3575,17235.0,2,18.96758620689655,550.06
3576,17236.0,6,8.725047619047618,916.13
3577,17237.0,2,16.562631578947368,314.69
3578,17238.0,17,6.615989399293286,3744.65
3579,17239.0,1,25.5,382.5
3580,17242.0,2,28.375999999999998,1135.04
3581,17243.0,26,21.692125,8676.85
3582,17244.0,1,30.80322580645161,954.9
3583,17245.0,1,19.049999999999997,171.45
3584,17247.0,1,5.130727272727273,282.19
3585,17248.0,1,4.618115942028985,318.65
3586,17250.0,2,6.7459649122807015,384.52
3587,17251.0,1,7.263589743589744,283.28000000000003
3588,17252.0,2,4.067356321839081,353.86
3589,17253.0,1,9.903333333333332,178.26
3590,17254.0,2,2.4325,272.44
3591,17255.0,2,3.825769230769231,298.41
3592,17256.0,2,15.0,240.0
3593,17259.0,2,4.865887096774194,603.37
3594,17262.0,5,104.44666666666667,1253.3600000000001
3595,17263.0,1,2.7582608695652175,63.440000000000005
3596,17265.0,2,4.432283464566929,562.9
3597,17266.0,3,3.883,310.64
3598,17267.0,2,8.358421052631579,317.62
3599,17268.0,4,127.27333333333333,763.64
3600,17272.0,4,18.847631578947368,2148.63
3601,17274.0,1,4.147407407407407,111.97999999999999
3602,17277.0,2,15.43985507246377,1065.3500000000001
3603,17278.0,1,16.402666666666665,246.04
3604,17279.0,1,20.869999999999997,187.82999999999998
3605,17282.0,3,18.121382978723407,1703.41
3606,17284.0,6,5.659520547945205,1652.58
3607,17286.0,1,3.420444444444444,153.92
3608,17287.0,7,8.581532258064515,1064.11
3609,17288.0,7,9.998098591549295,1419.73
3610,17289.0,3,8.508198198198198,944.41
3611,17290.0,2,5.149411764705882,525.24
3612,17291.0,1,550.8000000000001,550.8000000000001
3613,17293.0,9,13.889703703703704,1875.1100000000001
3614,17295.0,3,8.071739130434784,556.95
3615,17297.0,1,2.583921568627451,131.78
3616,17298.0,2,16.614,498.42
3617,17299.0,4,11.738771929824562,669.11
3618,17301.0,1,2.994393939393939,197.63
3619,17302.0,5,14.375063291139242,1135.63
3620,17303.0,1,4.717735849056604,250.04
3621,17306.0,19,130.77742424242425,8631.31
3622,17309.0,1,6.895833333333333,82.75
3623,17311.0,2,25.179090909090906,1384.85
3624,17312.0,3,46.021428571428565,644.3
3625,17313.0,1,97.03500000000001,2328.84
3626,17314.0,8,19.297099236641223,2527.92
3627,17315.0,38,13.302875264270613,6292.26
3628,17317.0,3,288.9266666666667,2600.34
3629,17320.0,3,16.446849315068494,1200.6200000000001
3630,17321.0,2,6.550093457943925,700.86
3631,17323.0,7,4.6053500000000005,921.07
3632,17324.0,4,19.8046,990.23
3633,17325.0,1,16.133333333333333,96.8
3634,17329.0,2,15.851818181818182,523.11
3635,17330.0,2,60.65,363.9
3636,17331.0,1,175.2,175.2
3637,17333.0,1,17.651785714285715,494.25
3638,17334.0,2,27.91090909090909,307.02
3639,17337.0,4,3.7345672191528547,2027.8700000000001
3640,17338.0,8,8.8232802124834,6643.93
3641,17339.0,2,27.040000000000003,243.36
3642,17340.0,11,30.352063882063884,12353.29
3643,17341.0,3,4.2697267759562845,781.36
3644,17343.0,1,11.390588235294118,193.64
3645,17344.0,1,5.0178125,160.57
3646,17345.0,4,6.180919540229885,537.74
3647,17346.0,15,5.35312,2676.56
3648,17347.0,1,228.96,228.96
3649,17348.0,5,5.393116279069767,1159.52
3650,17349.0,1,12.305555555555555,110.75
3651,17350.0,4,18.113661971830986,1286.07
3652,17351.0,3,21.746296296296297,587.15
3653,17353.0,2,217.5,1740.0
3654,17354.0,1,87.06625,1393.06
3655,17356.0,1,9.38,178.22
3656,17357.0,2,8.625333333333334,388.14
3657,17358.0,2,6.200847457627119,365.85
3658,17359.0,1,8.524,127.86
3659,17360.0,3,4.43780303030303,585.79
3660,17361.0,3,16.834482758620688,488.2
3661,17362.0,2,8.920857142857143,312.23
3662,17364.0,11,10.903114355231144,4481.18
3663,17365.0,8,10.259743589743591,4801.56
3664,17367.0,1,4.952941176470588,168.4
3665,17368.0,8,17.231261261261263,1912.67
3666,17370.0,4,13.520606060606061,446.18
3667,17371.0,3,4.872298850574713,423.89
3668,17372.0,8,5.30703557312253,1342.68
3669,17373.0,4,11.349473684210526,646.92
3670,17374.0,2,17.706071428571427,495.77
3671,17375.0,3,5.798550724637681,400.1
3672,17376.0,2,8.466666666666667,203.2
3673,17377.0,20,9.810813397129186,4100.92
3674,17379.0,1,4.875421686746988,404.66
3675,17381.0,29,186.01477064220185,20275.61
3676,17382.0,1,32.7,65.4
3677,17383.0,1,3.9076470588235295,199.29
3678,17384.0,2,22.426666666666666,336.4
3679,17385.0,1,5.555531914893617,261.11
3680,17386.0,6,95.94357142857143,2686.42
3681,17387.0,2,10.052692307692308,784.11
3682,17388.0,4,83.97066666666666,1259.56
3683,17389.0,34,149.45389671361502,31833.68
3684,17391.0,2,169.6,508.8
3685,17392.0,2,7.385645161290323,457.91
3686,17394.0,1,50.967499999999994,203.86999999999998
3687,17396.0,8,271.5111111111111,7330.8
3688,17397.0,2,7.569673913043478,696.41
3689,17398.0,3,17.19421052631579,653.38
3690,17400.0,5,9.99981220657277,2129.96
3691,17402.0,13,44.641525423728815,2633.85
3692,17403.0,1,8.533939393939393,281.62
3693,17404.0,15,161.14555555555555,31906.82
3694,17405.0,3,12.578170731707319,1031.41
3695,17406.0,3,19.47274336283186,2200.42
3696,17408.0,1,16.325,32.65
3697,17409.0,2,59.37307692307692,771.85
3698,17410.0,5,18.98,1214.72
3699,17411.0,3,18.998536585365855,778.94
3700,17412.0,7,19.061515151515152,1258.06
3701,17414.0,2,129.66666666666666,778.0
3702,17415.0,1,36.27428571428571,507.84
3703,17416.0,7,25.626096654275095,6893.42
3704,17418.0,2,15.448666666666668,463.46000000000004
3705,17419.0,12,20.517330097087378,4226.57
3706,17420.0,3,19.961000000000002,598.83
3707,17422.0,6,16.917692307692306,1979.37
3708,17423.0,2,26.861923076923077,698.41
3709,17425.0,2,17.655116279069766,759.17
3710,17426.0,6,18.58767527675277,5037.26
3711,17427.0,1,50.4,100.8
3712,17428.0,28,52.61234756097561,17256.85
3713,17429.0,3,13.459487179487182,524.9200000000001
3714,17430.0,2,18.982857142857142,265.76
3715,17431.0,1,9.37906976744186,403.3
3716,17432.0,2,7.62,365.76
3717,17433.0,1,5.6140740740740736,303.15999999999997
3718,17434.0,7,17.715074626865672,2373.82
3719,17436.0,2,24.03333333333333,216.29999999999998
3720,17438.0,1,22.85,388.45000000000005
3721,17440.0,3,37.284000000000006,186.42000000000002
3722,17442.0,6,16.656,2248.56
3723,17443.0,1,534.24,534.24
3724,17444.0,3,21.778074074074073,2940.04
3725,17446.0,2,13.433333333333334,120.9
3726,17447.0,2,15.042499999999999,541.53
3727,17449.0,7,9.10057761732852,2520.86
3728,17450.0,46,577.3020474777448,194550.79
3729,17451.0,7,17.214000000000002,1721.4
3730,17453.0,2,25.616842105263157,486.71999999999997
3731,17454.0,4,8.484098360655738,517.53
3732,17455.0,1,16.4625,131.7
3733,17456.0,1,14.69764705882353,249.86
3734,17457.0,5,91.4578947368421,1737.7
3735,17458.0,1,5.861111111111111,316.5
3736,17459.0,2,5.921621621621621,657.3
3737,17460.0,6,21.463103448275863,622.4300000000001
3738,17461.0,3,6.823963963963965,757.46
3739,17462.0,2,25.025555555555556,675.69
3740,17463.0,5,8.820511627906978,1896.41
3741,17464.0,1,32.21777777777778,289.96000000000004
3742,17466.0,2,18.61658536585366,763.28
3743,17468.0,2,27.4,137.0
3744,17469.0,5,21.261022727272728,1870.97
3745,17470.0,5,14.423974358974359,1125.07
3746,17472.0,3,3.9242541436464085,710.29
3747,17475.0,1,13.883571428571429,194.37
3748,17480.0,1,17.64896551724138,511.82
3749,17481.0,4,15.312073170731706,1255.59
3750,17483.0,3,19.716190476190476,414.04
3751,17486.0,1,16.53625,396.87
3752,17489.0,2,12.987586206896552,376.64
3753,17490.0,7,27.530526315789476,2092.32
3754,17491.0,10,32.65018348623853,3558.87
3755,17492.0,1,31.214166666666667,374.57
3756,17495.0,2,18.42814814814815,497.56
3757,17496.0,1,27.105,271.05
3758,17498.0,1,16.01294117647059,272.22
3759,17499.0,1,15.572,622.88
3760,17500.0,3,227.6,1138.0
3761,17501.0,2,16.033333333333335,288.6
3762,17502.0,4,24.610714285714288,689.1
3763,17503.0,2,14.709473684210527,558.96
3764,17504.0,9,23.598661417322834,2997.0299999999997
3765,17505.0,2,22.035384615384615,1145.84
3766,17506.0,1,21.585714285714285,302.2
3767,17507.0,2,6.881590909090909,605.58
3768,17508.0,1,17.605,387.31
3769,17509.0,8,16.708032786885248,6115.14
3770,17510.0,1,15.424000000000001,308.48
3771,17511.0,31,94.5611422637591,91062.38
3772,17512.0,10,27.85704761904762,2924.9900000000002
3773,17513.0,1,85.53333333333335,513.2
3774,17514.0,1,5.2162500000000005,208.65
3775,17515.0,4,7.345057471264368,639.02
3776,17516.0,5,5.606423357664234,768.08
3777,17517.0,1,13.994545454545454,153.94
3778,17519.0,6,22.488048780487805,1844.02
3779,17520.0,1,18.226999999999997,546.81
3780,17521.0,3,16.07133333333333,723.2099999999999
3781,17522.0,5,14.667260273972603,1070.71
3782,17523.0,4,19.78,652.74
3783,17524.0,1,24.166666666666668,145.0
3784,17525.0,1,46.96666666666667,422.70000000000005
3785,17526.0,4,62.942105263157885,1195.8999999999999
3786,17527.0,4,19.98659574468085,939.37
3787,17528.0,8,14.34189723320158,3628.5
3788,17530.0,10,6.053299492385787,2385.0
3789,17531.0,1,21.192857142857143,296.7
3790,17534.0,1,24.817777777777778,223.36
3791,17535.0,1,12.646153846153847,164.4
3792,17536.0,1,25.5,76.5
3793,17537.0,2,11.968266666666667,897.62
3794,17538.0,1,10.935555555555556,98.42
3795,17540.0,2,23.156,578.9
3796,17542.0,1,6.83,170.75
3797,17545.0,3,4.454896551724138,645.96
3798,17548.0,1,20.66,103.3
3799,17549.0,2,24.810000000000002,148.86
3800,17550.0,3,6.360952380952382,267.16
3801,17551.0,1,7.1358139534883716,306.84
3802,17552.0,4,18.987959183673468,930.41
3803,17553.0,1,743.8,1487.6
3804,17554.0,5,22.18693181818182,1952.45
3805,17555.0,2,4.559056603773585,483.26
3806,17556.0,1,26.316666666666666,157.9
3807,17557.0,3,15.92529411764706,541.46
3808,17560.0,4,32.88269230769231,854.95
3809,17561.0,1,3.643913043478261,167.62
3810,17562.0,7,17.81555555555556,1122.38
3811,17564.0,3,9.265510204081632,454.01
3812,17566.0,2,5.929013157894737,901.21
3813,17567.0,8,26.251393939393935,4331.48
3814,17569.0,1,11.866896551724137,344.14
3815,17571.0,4,5.0117391304347825,1498.51
3816,17572.0,4,18.895833333333336,226.75000000000003
3817,17573.0,3,15.224,380.6
3818,17574.0,1,23.20625,185.65
3819,17576.0,19,8.814306569343065,3622.68
3820,17578.0,1,28.691999999999997,143.45999999999998
3821,17579.0,3,8.978000000000002,448.90000000000003
3822,17580.0,3,4.793777777777778,215.72
3823,17581.0,25,25.102363636363638,11045.04
3824,17582.0,1,6.043793103448277,175.27
3825,17584.0,2,35.494285714285716,1242.3
3826,17585.0,4,5.294719626168224,1133.07
3827,17588.0,3,53.92173913043479,1240.2
3828,17589.0,4,9.502648221343874,2404.17
3829,17590.0,3,7.359303482587065,1479.22
3830,17591.0,7,13.409457831325303,2225.9700000000003
3831,17593.0,5,18.438215962441316,3927.34
3832,17594.0,2,19.863599999999998,993.18
3833,17595.0,2,4.68421686746988,388.79
3834,17596.0,7,10.473814814814814,2827.93
3835,17597.0,1,37.17036363636364,2044.3700000000001
3836,17600.0,1,12.436153846153847,161.67000000000002
3837,17601.0,1,12.889999999999999,116.00999999999999
3838,17602.0,6,9.11244642857143,5102.97
3839,17603.0,1,35.88363636363636,394.72
3840,17604.0,2,4.91047619047619,309.36
3841,17608.0,2,3.2783050847457624,193.42
3842,17609.0,5,4.692911392405064,1112.22
3843,17611.0,15,6.9170486111111105,3984.22
3844,17612.0,6,15.173703703703703,2048.45
3845,17613.0,14,14.612660256410258,4559.150000000001
3846,17614.0,1,3.9007,390.07
3847,17615.0,3,23.542857142857144,329.6
3848,17616.0,3,190.39999999999998,571.1999999999999
3849,17618.0,3,12.456153846153846,971.58
3850,17619.0,1,2.837922077922078,218.52
3851,17620.0,1,20.36,81.44
3852,17621.0,3,53.073076923076925,1379.9
3853,17623.0,1,15.971212121212123,527.0500000000001
3854,17624.0,2,16.869600000000002,843.48
3855,17625.0,4,6.498412698412698,2047.0
3856,17628.0,1,15.15,75.75
3857,17629.0,8,14.748943089430893,1814.12
3858,17630.0,2,19.369230769230768,503.59999999999997
3859,17631.0,3,13.546923076923077,528.33
3860,17633.0,4,18.92628571428571,1324.84
3861,17634.0,9,7.952760942760944,2361.9700000000003
3862,17636.0,1,14.278,285.56
3863,17637.0,2,15.630285714285716,547.0600000000001
3864,17639.0,1,15.5,108.5
3865,17640.0,1,124.332,621.66
3866,17642.0,2,17.80725,712.29
3867,17643.0,1,12.69375,101.55
3868,17644.0,11,18.443566878980892,2895.64
3869,17646.0,3,19.77235294117647,1008.39
3870,17647.0,1,19.00857142857143,133.06
3871,17648.0,4,19.752747252747252,1797.5
3872,17649.0,1,16.70173076923077,868.49
3873,17650.0,1,20.76,166.08
3874,17651.0,10,17.004310344827587,3945.0
3875,17652.0,12,18.794285714285714,4867.72
3876,17653.0,4,27.44454545454545,1207.56
3877,17654.0,1,5.343181818181818,117.55
3878,17655.0,7,28.99934065934066,2638.94
3879,17656.0,5,20.423048780487804,1674.69
3880,17658.0,2,31.337894736842102,595.42
3881,17659.0,12,18.98392405063291,2999.46
3882,17660.0,1,4.355555555555555,196.0
3883,17663.0,7,20.96406976744186,1802.91
3884,17664.0,2,14.061395348837209,604.64
3885,17666.0,2,40.45333333333333,728.16
3886,17667.0,5,17.71991379310345,2055.51
3887,17668.0,2,23.183333333333334,347.75
3888,17669.0,7,50.09882352941177,3406.7200000000003
3889,17670.0,1,18.7,205.7
3890,17671.0,4,29.67377358490566,1572.71
3891,17672.0,2,28.892454545454545,3178.17
3892,17673.0,6,7.176740088105727,1629.12
3893,17674.0,2,20.40888888888889,551.04
3894,17675.0,31,28.89968794326241,20374.28
3895,17676.0,6,17.790769230769232,1387.68
3896,17677.0,30,53.82641447368421,16363.23
3897,17678.0,1,18.631875,298.11
3898,17679.0,2,66.40366666666667,1992.1100000000001
3899,17680.0,1,16.763636363636365,184.4
3900,17682.0,6,20.968898305084746,2474.33
3901,17684.0,1,15.960666666666667,239.41
3902,17685.0,7,24.550230769230772,3191.53
3903,17686.0,7,20.06804195804196,5739.46
3904,17690.0,15,18.5857421875,4757.95
3905,17691.0,2,15.28421052631579,290.40000000000003
3906,17692.0,4,16.107391304347825,740.9399999999999
3907,17693.0,1,12.529375,200.47
3908,17694.0,1,18.874666666666666,283.12
3909,17695.0,2,21.866857142857143,765.34
3910,17696.0,8,19.875739130434784,2285.71
3911,17697.0,1,17.839473684210525,338.95
3912,17698.0,1,19.36875,154.95
3913,17700.0,4,17.84957746478873,2534.64
3914,17701.0,1,17.414583333333333,417.95
3915,17702.0,4,24.653648648648648,1824.37
3916,17703.0,3,14.522545454545455,798.74
3917,17704.0,2,28.554516129032258,885.19
3918,17705.0,9,17.70407766990291,1823.52
3919,17706.0,17,27.498664921465966,10504.49
3920,17707.0,2,30.48,152.4
3921,17708.0,2,7.630857142857143,267.08
3922,17709.0,1,19.635714285714283,137.45
3923,17711.0,2,16.743478260869566,385.1
3924,17712.0,1,18.031379310344825,522.91
3925,17714.0,1,15.3,153.0
3926,17715.0,1,326.4,326.4
3927,17716.0,11,23.085673469387753,5655.99
3928,17718.0,1,23.224999999999998,139.35
3929,17719.0,15,19.693576642335767,5396.04
3930,17720.0,4,23.9188,1195.94
3931,17722.0,4,21.078608695652175,2424.04
3932,17723.0,6,327.64000000000004,3276.4000000000005
3933,17724.0,3,25.825,1033.0
3934,17725.0,11,17.911875,3439.08
3935,17727.0,1,16.064393939393938,1060.25
3936,17728.0,3,17.430363636363637,2876.01
3937,17730.0,13,24.304954128440368,5298.4800000000005
3938,17731.0,4,18.509104477611938,1240.11
3939,17732.0,1,16.887222222222224,303.97
3940,17733.0,2,19.776857142857143,692.19
3941,17734.0,3,16.293720930232556,700.63
3942,17735.0,19,19.000028985507246,13110.02
3943,17736.0,3,15.0976,377.44
3944,17737.0,2,16.824,168.24
3945,17738.0,4,19.371649484536082,1879.05
3946,17739.0,7,59.39042553191489,2791.35
3947,17742.0,2,23.674,355.11
3948,17744.0,6,17.076470588235296,2322.4
3949,17746.0,1,18.375,110.25
3950,17747.0,1,71.4,71.4
3951,17749.0,2,19.272,674.52
3952,17750.0,9,9.313834196891191,1797.57
3953,17752.0,1,80.64,80.64
3954,17754.0,5,19.26369565217391,1772.26
3955,17757.0,30,7.564493927125506,5605.29
3956,17758.0,8,8.390048543689321,3456.7000000000003
3957,17759.0,3,8.789368421052632,834.99
3958,17760.0,2,11.503599999999999,287.59
3959,17761.0,1,37.514736842105265,712.78
3960,17763.0,1,15.0,15.0
3961,17764.0,2,10.917599999999998,818.8199999999999
3962,17765.0,3,6.524210526315789,371.88
3963,17767.0,1,12.914285714285715,271.2
3964,17768.0,3,21.649333333333335,2273.1800000000003
3965,17769.0,10,12.896709677419356,3997.98
3966,17770.0,5,30.086052631578948,1143.27
3967,17771.0,2,4.552037037037037,245.81
3968,17772.0,2,3.448490566037736,182.77
3969,17774.0,4,7.855192307692308,1225.41
3970,17775.0,1,18.8,56.4
3971,17777.0,3,3.4322680412371134,665.86
3972,17779.0,3,8.031341463414634,658.57
3973,17781.0,2,15.668333333333335,188.02
3974,17783.0,2,4.23089552238806,283.47
3975,17785.0,1,10.149230769230769,131.94
3976,17786.0,2,3.871388888888889,278.74
3977,17787.0,4,13.919328358208956,1865.19
3978,17788.0,2,223.58,1117.9
3979,17789.0,1,16.135714285714286,225.9
3980,17790.0,14,10.345,1965.55
3981,17791.0,1,10.61,106.1
3982,17793.0,1,5.5696551724137935,323.04
3983,17795.0,2,7.617173913043478,350.39
3984,17796.0,4,8.510975609756096,697.9
3985,17797.0,3,7.0309009009009005,780.43
3986,17799.0,10,7.490024509803921,3055.93
3987,17800.0,9,11.528942307692308,1199.01
3988,17802.0,3,9.178857142857142,1285.04
3989,17805.0,1,51.230999999999995,512.31
3990,17806.0,1,12.698604651162789,546.04
3991,17809.0,12,88.71983606557377,5411.91
3992,17811.0,39,9.210023501762633,7837.7300000000005
3993,17812.0,4,5.192624113475177,732.16
3994,17813.0,5,4.773261455525606,1770.8799999999999
3995,17816.0,4,2.150588235294118,36.56
3996,17817.0,3,11.747878787878788,387.68
3997,17819.0,7,77.18479166666667,3704.87
3998,17824.0,1,22.95384615384615,298.4
3999,17827.0,5,9.070272727272727,1995.46
4000,17828.0,4,27.1655223880597,1820.09
4001,17829.0,1,29.641333333333332,889.24
4002,17830.0,3,17.33478260869565,398.7
4003,17831.0,1,17.700000000000003,35.400000000000006
4004,17832.0,1,2.547049180327869,155.37
4005,17835.0,3,5.7481967213114755,350.64
4006,17836.0,1,4.592083333333334,110.21000000000001
4007,17837.0,8,9.42828402366864,1593.38
4008,17838.0,5,22.969421487603306,2779.3
4009,17839.0,1,6.05,338.8
4010,17841.0,124,5.223852427679368,40991.57
4011,17843.0,1,5.553513513513513,205.48
4012,17844.0,1,10.312,51.559999999999995
4013,17846.0,1,2033.1,2033.1
4014,17848.0,9,17.670588235294115,901.1999999999999
4015,17849.0,4,23.300000000000004,605.8000000000001
4016,17850.0,34,18.15222222222222,5391.21
4017,17852.0,2,4.764166666666667,114.34
4018,17854.0,2,20.750666666666667,311.26
4019,17855.0,1,12.292352941176471,208.97
4020,17856.0,4,94.53533333333333,1418.03
4021,17857.0,23,497.76,26879.04
4022,17858.0,12,25.9078391959799,5155.66
4023,17859.0,1,5.9284,148.21
4024,17860.0,1,4.358620689655172,252.8
4025,17861.0,8,9.463063063063064,2100.8
4026,17862.0,1,30.08181818181818,330.9
4027,17863.0,6,21.35135135135135,3160.0
4028,17864.0,3,5.857843137254902,597.5
4029,17865.0,20,28.449513513513512,10526.32
4030,17866.0,1,36.62777777777777,329.65
4031,17867.0,6,15.153164556962027,1197.1000000000001
4032,17869.0,5,10.7045,428.18
4033,17870.0,12,6.7897849462365585,1894.35
4034,17871.0,1,15.59,155.9
4035,17873.0,5,42.25363636363637,1859.16
4036,17874.0,6,14.857826086956523,683.46
4037,17877.0,1,19.800833333333333,237.61
4038,17878.0,1,14.59423076923077,379.45
4039,17879.0,1,29.75333333333333,178.51999999999998
4040,17880.0,1,17.65076923076923,458.92
4041,17881.0,1,16.668750000000003,133.35000000000002
4042,17883.0,4,4.632896551724138,671.77
4043,17884.0,4,6.1320512820512825,717.45
4044,17885.0,1,2.97171875,190.19
4045,17886.0,3,8.253302752293578,899.61
4046,17887.0,1,11.135,111.35
4047,17888.0,8,10.836567164179105,726.05
4048,17889.0,2,9.708095238095238,203.87
4049,17890.0,2,6.405212765957447,602.09
4050,17891.0,1,5.995882352941176,203.85999999999999
4051,17892.0,3,8.717857142857143,244.1
4052,17893.0,1,7.015625,112.25
4053,17894.0,8,5.802124352331606,1119.81
4054,17895.0,1,6.125,98.0
4055,17896.0,1,128.16,256.32
4056,17897.0,3,4.970175438596492,566.6
4057,17898.0,2,5.430714285714286,152.06
4058,17899.0,1,4.86875,155.8
4059,17900.0,2,18.7,112.19999999999999
4060,17901.0,1,5.809473684210526,110.38
4061,17904.0,1,5.043947368421052,191.67
4062,17905.0,4,23.536470588235293,800.24
4063,17906.0,1,6.075,72.9
4064,17908.0,1,4.19448275862069,243.28
4065,17911.0,1,9.390512820512821,366.23
4066,17912.0,5,8.184473684210525,311.01
4067,17913.0,2,6.976271186440679,411.6
4068,17914.0,1,4.205375,336.43
4069,17917.0,3,3.63063829787234,341.28
4070,17919.0,1,56.697391304347825,1304.04
4071,17920.0,17,6.040373563218392,4204.1
4072,17921.0,4,5.700137931034483,826.52
4073,17923.0,1,207.50000000000003,207.50000000000003
4074,17924.0,7,95.56451612903226,2962.5
4075,17925.0,1,244.08,244.08
4076,17926.0,2,18.91857142857143,397.29
4077,17928.0,2,9.240869565217391,212.54
4078,17929.0,4,168.6,843.0
4079,17930.0,5,44.62769230769231,1740.48
4080,17931.0,2,6.282461538461539,408.36
4081,17932.0,3,14.795222222222222,1331.57
4082,17934.0,2,33.535714285714285,704.25
4083,17935.0,2,5.027241379310345,145.79
4084,17936.0,1,5.062857142857142,389.84
4085,17937.0,7,100.02837209302326,4301.22
4086,17939.0,1,8.261666666666667,99.14
4087,17940.0,10,216.1284210526316,4106.4400000000005
4088,17941.0,1,152.28,304.56
4089,17942.0,1,38.75000000000001,77.50000000000001
4090,17946.0,2,7.478999999999999,149.57999999999998
4091,17947.0,1,19.63111111111111,176.68
4092,17948.0,1,358.56000000000006,358.56000000000006
4093,17949.0,45,835.864,58510.48
4094,17950.0,3,6.791549295774648,482.2
4095,17951.0,3,50.42700000000001,1008.5400000000001
4096,17954.0,12,4.809731958762886,2332.72
4097,17955.0,4,29.331578947368417,557.3
4098,17956.0,1,12.75,12.75
4099,17957.0,1,3.6025806451612907,111.68
4100,17958.0,1,72.63714285714285,508.4599999999999
4101,17960.0,1,2.8376923076923077,73.78
4102,17961.0,39,5.206586345381527,1296.44
4103,17962.0,1,2.938,102.83
4104,17964.0,2,4.535576923076923,471.7
4105,17965.0,14,7.971337386018238,2622.57
4106,17966.0,5,16.15338235294118,1098.43
4107,17967.0,1,2.5639583333333333,123.07
4108,17968.0,1,3.2629411764705885,277.35
4109,17969.0,2,16.3,228.2
4110,17970.0,1,18.793225806451613,582.59
4111,17972.0,1,4.388387096774193,136.04
4112,17973.0,1,22.469333333333335,337.04
4113,17974.0,3,4.138491620111732,740.79
4114,17975.0,13,15.16489864864865,4488.81
4115,17976.0,1,5.433692307692308,353.19
4116,17977.0,1,13.72095238095238,288.14
4117,17978.0,1,25.076666666666664,300.91999999999996
4118,17979.0,4,5.189794520547945,757.71
4119,17980.0,3,27.048333333333336,811.45
4120,17984.0,1,3.1808333333333336,152.68
4121,17985.0,1,27.606521739130436,634.95
4122,17986.0,1,20.8,20.8
4123,17987.0,1,15.274615384615384,198.57
4124,17988.0,7,5.292631578947368,201.12
4125,17990.0,3,21.753103448275862,630.84
4126,17991.0,2,18.669999999999998,93.35
4127,17994.0,4,8.37641975308642,678.49
4128,17995.0,1,38.05,76.1
4129,17997.0,8,11.871506024096385,1970.6699999999998
4130,17999.0,2,4.108172043010753,382.06
4131,18001.0,2,7.193620689655173,417.23
4132,18004.0,1,4.23675,169.47
4133,18005.0,2,4.162,249.72
4134,18006.0,1,20.212727272727275,444.68
4135,18008.0,9,70.53966666666666,2116.19
4136,18009.0,1,8.041875,257.34
4137,18010.0,1,12.485714285714286,174.8
4138,18011.0,1,3.671071428571428,102.78999999999999
4139,18013.0,2,6.041612903225806,187.29
4140,18014.0,1,5.200625,166.42
4141,18015.0,1,2.6093478260869567,120.03
4142,18016.0,5,12.061463414634146,1483.56
4143,18017.0,3,174.33333333333334,523.0
4144,18018.0,2,4.211724137931035,122.14
4145,18019.0,1,7.69,38.45
4146,18022.0,1,3.497958115183246,668.11
4147,18024.0,2,18.56095238095238,389.78
4148,18027.0,1,5.490952380952381,115.31
4149,18030.0,2,25.627777777777776,230.64999999999998
4150,18032.0,1,14.7,73.5
4151,18033.0,1,2.881470588235294,97.97
4152,18034.0,2,3.775714285714286,422.88
4153,18035.0,3,13.781132075471698,730.4
4154,18036.0,3,4.225208333333334,405.62
4155,18037.0,6,3.685263157894737,70.02
4156,18040.0,2,18.8,357.20000000000005
4157,18041.0,21,8.863114406779662,4183.39
4158,18042.0,1,23.578571428571426,165.04999999999998
4159,18043.0,3,4.624049586776859,559.51
4160,18044.0,10,16.445669291338582,2088.6
4161,18045.0,1,4.029787234042553,189.4
4162,18048.0,2,24.612857142857145,172.29000000000002
4163,18050.0,1,14.88,74.4
4164,18053.0,1,15.001,300.02
4165,18055.0,10,18.844972222222225,6784.1900000000005
4166,18056.0,1,19.139473684210525,363.65
4167,18058.0,1,56.72,170.16
4168,18059.0,3,17.025555555555556,306.46
4169,18061.0,10,46.0741304347826,2119.41
4170,18062.0,3,26.685925925925925,720.52
4171,18064.0,2,116.28571428571429,814.0
4172,18065.0,14,17.465912408759124,2392.83
4173,18066.0,1,31.8,318.0
4174,18067.0,1,10.711621621621621,396.33
4175,18068.0,1,101.69999999999999,101.69999999999999
4176,18069.0,5,4.333340425531915,2036.67
4177,18071.0,2,18.12,453.0
4178,18072.0,1,13.746666666666666,247.44
4179,18073.0,12,53.11671232876713,3877.5200000000004
4180,18074.0,1,37.66153846153846,489.6
4181,18075.0,10,18.392605633802816,2611.75
4182,18077.0,11,11.599162995594712,2633.0099999999998
4183,18078.0,2,11.590689655172413,336.13
4184,18079.0,4,28.75566929133858,3651.97
4185,18080.0,2,615.75,1231.5
4186,18081.0,3,20.20294117647059,343.45
4187,18082.0,1,9.635205479452054,703.37
4188,18084.0,1,90.47999999999999,90.47999999999999
4189,18085.0,2,23.79137931034483,689.95
4190,18086.0,1,14.477142857142857,101.34
4191,18087.0,2,2027.8599999999997,4055.7199999999993
4192,18088.0,1,4.299230769230769,167.67000000000002
4193,18092.0,11,101.89056179775281,9068.26
4194,18093.0,4,58.51444444444444,2106.52
4195,18094.0,7,43.104285714285716,3017.3
4196,18095.0,2,27.621428571428574,580.0500000000001
4197,18096.0,3,4.277699530516432,911.15
4198,18097.0,6,24.97962962962963,2697.8
4199,18099.0,1,8.858421052631579,168.31
4200,18101.0,2,5.454878048780488,223.65
4201,18102.0,60,602.45313225058,259657.3
4202,18104.0,1,19.858947368421052,754.64
4203,18105.0,1,6.304444444444446,113.48000000000002
4204,18106.0,1,11.043589743589743,430.7
4205,18108.0,1,15.941176470588236,271.0
4206,18109.0,26,18.13731981981982,8052.97
4207,18110.0,1,5.136956521739131,236.3
4208,18112.0,2,13.565,352.69
4209,18113.0,1,76.32000000000001,76.32000000000001
4210,18114.0,1,7.860714285714286,220.1
4211,18116.0,8,3.7514021164021165,1418.03
4212,18117.0,1,4.334054054054055,320.72
4213,18118.0,26,4.420500390930414,5653.82
4214,18119.0,1,6.037333333333334,181.12
4215,18120.0,1,6.538235294117648,111.15
4216,18121.0,2,21.034375,673.1
4217,18122.0,6,5.0170604395604395,1826.21
4218,18123.0,2,16.37333333333333,589.4399999999999
4219,18125.0,4,5.831581632653061,1142.99
4220,18126.0,1,3.693392857142857,206.82999999999998
4221,18127.0,3,7.419787234042554,348.73
4222,18129.0,1,8.039285714285715,112.55000000000001
4223,18130.0,3,15.134142857142859,1059.39
4224,18133.0,1,931.4999999999999,931.4999999999999
4225,18135.0,5,34.0955,681.9100000000001
4226,18136.0,3,20.640263157894736,784.33
4227,18138.0,1,19.08125,152.65
4228,18139.0,6,53.07132075471698,8438.34
4229,18142.0,2,67.968,1019.52
4230,18143.0,2,16.396065573770493,1000.16
4231,18144.0,12,67.18023255813954,2888.75
4232,18145.0,4,12.94819004524887,2861.55
4233,18146.0,2,16.035000000000004,160.35000000000002
4234,18147.0,2,25.619999999999997,179.33999999999997
4235,18149.0,3,38.254999999999995,612.0799999999999
4236,18150.0,3,15.312972972972974,566.58
4237,18151.0,2,17.193421052631578,653.35
4238,18154.0,2,19.009047619047617,399.19
4239,18155.0,3,14.8648,371.62
4240,18156.0,2,5.2495714285714286,734.94
4241,18158.0,2,13.335294117647058,453.4
4242,18159.0,1,23.05,530.15
4243,18160.0,2,16.36051282051282,638.0600000000001
4244,18161.0,5,20.233625,1618.69
4245,18164.0,1,16.652083333333334,399.65000000000003
4246,18165.0,1,30.246000000000002,302.46000000000004
4247,18167.0,3,37.428648648648654,1384.8600000000001
4248,18168.0,6,8.93083969465649,1169.94
4249,18169.0,1,22.516666666666666,202.65
4250,18170.0,3,25.797631578947367,980.31
4251,18171.0,5,22.802037037037035,1231.31
4252,18172.0,20,40.00888888888889,7561.68
4253,18173.0,4,67.9625806451613,2106.84
4254,18174.0,1,104.0,104.0
4255,18176.0,1,15.878333333333334,476.35
4256,18177.0,6,18.127297297297297,1341.42
4257,18178.0,4,16.400103092783503,1590.81
4258,18179.0,6,19.924111111111113,1793.17
4259,18180.0,6,15.493697478991596,1843.75
4260,18181.0,1,8.700000000000001,382.8
4261,18183.0,2,17.082972972972975,632.07
4262,18184.0,1,49.8,49.8
4263,18185.0,1,17.897058823529413,304.25
4264,18188.0,3,28.183661971830986,2001.04
4265,18189.0,2,16.032941176470587,1090.24
4266,18190.0,2,18.964000000000002,284.46000000000004
4267,18191.0,1,29.685714285714283,207.79999999999998
4268,18192.0,1,21.288222222222224,957.97
4269,18193.0,1,15.235,243.76
4270,18194.0,1,139.11999999999998,973.8399999999999
4271,18196.0,2,4.887446808510639,689.13
4272,18198.0,17,34.12301886792453,5425.56
4273,18200.0,1,5.11875,163.8
4274,18202.0,3,20.543970588235293,1396.99
4275,18203.0,1,8.443157894736842,160.42000000000002
4276,18204.0,3,9.9685,1993.7
4277,18205.0,2,16.1675,517.36
4278,18209.0,1,17.387500000000003,139.10000000000002
4279,18210.0,6,19.562537313432838,2621.38
4280,18211.0,5,14.287380952380953,600.07
4281,18212.0,1,5.7772093023255815,248.42
4282,18213.0,1,15.498666666666669,232.48000000000002
4283,18215.0,1,23.02615384615385,299.34000000000003
4284,18216.0,1,18.528846153846153,481.75
4285,18217.0,2,20.056451612903224,621.75
4286,18218.0,2,31.527619047619048,662.08
4287,18219.0,10,18.155877192982455,2069.77
4288,18220.0,1,152.64000000000001,305.28000000000003
4289,18221.0,5,16.27515625,1041.61
4290,18222.0,1,23.31578947368421,443.0
4291,18223.0,14,23.840220588235294,6484.54
4292,18224.0,1,15.895000000000001,158.95000000000002
4293,18225.0,12,20.328856088560887,5509.12
4294,18226.0,11,21.603512396694217,5228.05
4295,18227.0,1,18.75,93.75
4296,18228.0,2,25.996666666666666,779.9
4297,18229.0,20,44.37134146341464,7276.900000000001
4298,18230.0,7,32.67674418604651,2810.2000000000003
4299,18231.0,5,16.800564516129032,2083.27
4300,18232.0,4,16.026216216216216,592.97
4301,18233.0,1,440.0,440.0
4302,18235.0,3,17.273846153846154,1796.48
4303,18236.0,6,18.004897959183673,882.24
4304,18237.0,5,16.181967213114753,987.1
4305,18239.0,5,17.745568181818182,1561.6100000000001
4306,18240.0,1,70.42999999999999,422.58
4307,18241.0,17,19.933557692307694,2073.09
4308,18242.0,4,28.62166666666667,2232.4900000000002
4309,18245.0,7,14.668914285714285,2567.06
4310,18246.0,2,149.025,596.1
4311,18248.0,2,17.1068085106383,804.02
4312,18249.0,1,11.9175,95.34
4313,18250.0,1,16.63190476190476,349.27
4314,18251.0,1,269.67,4314.72
4315,18252.0,2,5.374183673469387,526.67
4316,18255.0,1,17.216666666666665,103.3
4317,18257.0,8,19.81042372881356,2337.63
4318,18259.0,3,55.68095238095239,2338.6000000000004
4319,18260.0,6,19.72537313432836,2643.2000000000003
4320,18261.0,2,15.440000000000001,324.24
4321,18262.0,1,11.498461538461537,149.48
4322,18263.0,3,19.887868852459015,1213.1599999999999
4323,18265.0,2,17.424130434782608,801.51
4324,18268.0,1,25.5,25.5
4325,18269.0,1,24.085714285714285,168.6
4326,18270.0,2,25.74090909090909,283.15
4327,18272.0,6,18.54566265060241,3078.58
4328,18273.0,3,68.0,204.0
4329,18274.0,1,15.992727272727272,175.92
4330,18276.0,1,23.990000000000002,335.86
4331,18277.0,1,13.7975,110.38
4332,18278.0,1,19.322222222222223,173.9
4333,18280.0,1,18.060000000000002,180.60000000000002
4334,18281.0,1,11.545714285714284,80.82
4335,18282.0,2,14.8375,178.05
4336,18283.0,16,2.771005291005291,2094.88
4337,18287.0,3,26.24685714285714,1837.28
